FB_GUID,FB_APPLICATION_ID,FB_PRODUCT_URL,FB_BRAND,FB_SIZE,FB_COLLECTION,FB_COLOR,FB_PRICE,FB_CURRENCY
c7a2a937-401c-4564-83a0-dff1f96a766c,44,"https://facebook.com/ebXXRSVOWgJNyOSI",Mossimo,,,Camel,583.106128066143,USD
61626d15-838c-496c-9cd7-72e00e1b10ee,599,"https://facebook.com/zhVDRgpLuUaUEjCZ",Max Studio,S,Caroline  Route,Orange,819.437075739245,USD
6a081e3d-e7e7-41ee-96c2-9864352cbb7a,753,"https://facebook.com/FGXCnJSGmNYgNpDv",C&A,XXXL,Aspen Way,Aqua,233.081186760967,USD
7bb0be35-1d3e-440d-85ce-7e417d275233,48,"https://facebook.com/pTZHToUaJZtZelLY",Marchesa,,,Fuchsia,33.0384435521292,USD
73689828-82ae-4fb7-a27a-4e4425e0b158,720,"https://facebook.com/WkShzZFvPZkgBZeX",Angels Jeanswear,XXL,Angrave    Avenue,Lavender,592.287800106135,USD
79a1e4b6-60eb-4ca0-b4fd-eeec8a62d47e,473,"https://facebook.com/wUGZhaRHnyXgrQzh",Merc Clothing,L,Jackson Road,Sienna,628.751952947714,USD
31d1cad4-da4d-403b-8236-543c1eb76e85,784,"https://facebook.com/UyqggVURyIeLOIFX",Lee,S,Cephas  Street,Camel,808.44975439365,USD
93cb43a7-3dc8-4580-82ac-f4f8d2e49f46,975,"https://facebook.com/qazWYoTYGgvgmxZF",Acorn Stores,XXS,Blackall   Avenue,Rosegold,873.713045460285,USD
0c3e9033-93f5-4217-82a0-eb256e524ee5,642,"https://facebook.com/AAxQxbYGQLEhTyNm",Lee,L,King William  Vale,Rosegold,782.219215236953,USD
e8e3a88c-5ad8-4ece-b68a-408459f207dd,196,"https://facebook.com/aNeUkepeDmnJPhsU",Columbia Sportswear,M,Baynes  Tunnel,Rosegold,859.616147506119,USD
235478bd-2821-44c8-92f1-6452ca73cc2f,322,"https://facebook.com/pQKMlatZOejwcYis",Ex-Boyfriend,XL,Chambers  Road,Mauve,59.239259615433,USD
4cd521eb-6387-4881-8c1e-a01e32198543,246,"https://facebook.com/RBXJJsCVsFePzWdu",Forever 21,XS,Balfour    Rue,Lime,189.402895984209,USD
4df08277-d522-4304-88f3-cf594b1defde,338,"https://facebook.com/XBrpSBxFrrpSNTiS",Koton,M,Cheney  Street,Rosegold,446.255364873347,USD
7c41e889-4793-4ce3-ac6f-23389a10ca8f,273,"https://facebook.com/mtTMyQRMAyIkCgsC",Mataano,S,Rivervalley Tunnel,Lime,287.687427594893,USD
b4d0afa2-ab2f-46aa-9ce5-f2d24f67f5a8,806,"https://facebook.com/CRWgcIWwfLZtUqAE",Angels Jeanswear,One Size,Rosewood Street,Cerise,363.15903123314,USD
0fb630b6-2a2e-4db9-8076-b49b2471809e,397,"https://facebook.com/XjITzVhfxJtCZOZB",C&A,XXL,Cedarne  Route,White,174.632867562195,USD
db7d4d56-75b9-4cc8-901c-54481d38f8c3,482,"https://facebook.com/KsRoxrdUKGcvlVZS",TNT,XS,Antrobus   Lane,Camel,142.371684920463,USD
96f1df43-9c7e-4a65-8b7a-01d74797c339,17,"https://facebook.com/phXmXBSSoiMEqBqK",Real Gold,,,Pink,400.09531158983,USD
0df75bc4-4c62-406b-8bf9-232f2ea5b947,888,"https://facebook.com/kcaJnBwFTDtowsdK",Real Gold,S,Angrave    Hill,Magenta,297.977013487139,USD
ffe1d010-c720-49c3-934f-8e0de49a8b57,222,"https://facebook.com/zdPxPeevDwHyctny",Dollie & Me,One Size,Cliff  Pass,Dark red,680.988830344993,USD
48b92fb3-2788-43b3-b583-d6ce0dbec58b,801,"https://facebook.com/ZJLPlujdyhYfmeXf",Real Gold,XS,Hickory   Road,Ultramarine,481.797736600194,USD
5cf77519-c80f-4b77-ae73-f53fe64e904b,460,"https://facebook.com/wmXjpksHqITOtQxP",Countess Mara,XXS,Meadow Road,Blue,733.241310043154,USD
8291498f-69f9-457a-bb38-e1af9b2dfbf4,137,"https://facebook.com/oLpgrlLylDEDqKWu",Ex-Boyfriend,S,English   Tunnel,Cyan,90.0015120569298,USD
26205105-5f89-4757-8a76-d6dd70aaa19c,800,"https://facebook.com/zYMCTIipyhdJSeja",Acorn Stores,S,Burton  Pass,Black,681.983255704173,USD
6d6ece23-d1cb-47d1-9e51-325da3aa80e3,550,"https://facebook.com/kdJkhuNGMzonzAVm",Baby Gap,XXL,Collins  Pass,Rosegold,514.928163707004,USD
64e8946f-b882-4cc5-9af6-ca716aa92329,345,"https://facebook.com/ENRNQqIokgmmtrWv",Bujo,XS,Byland  Avenue,Amethyst,582.21497749246,USD
3466f142-71a5-480e-979c-fdfab564b453,395,"https://facebook.com/gBxYojdsOGvwlWWn",Ecko Unlimited,XXXL,Westcott  Rue,Olive,500.110482345168,USD
0cde003b-88d3-426b-a878-67dc04cf42aa,206,"https://facebook.com/iPAmkqyRmYEFoNyp",Loyandford,L,Fieldstone Rue,Mauve,562.947015215865,USD
00d29640-c8c0-43e4-9781-67227daeaca0,212,"https://facebook.com/nPXJANSzEOhZREBM",Izod,M,Ernest  Crossroad,Lime,475.337404157905,USD
dc11fbc9-8d09-4223-8df2-eaedd57bc8dc,333,"https://facebook.com/fgCCLuWWKVECisZw",Mossimo,M,Clarges   Route,Gold,439.574086331345,USD
0c63b018-4717-423e-ad3f-2d855720d490,6,"https://facebook.com/cNRpvjHRPXMkVjzn",Bujo,,,Olive,765.071971467045,USD
a9f8667a-935a-4e45-b3f3-98016686fc23,109,"https://facebook.com/uOMoAlaZTPgpwIsD",Lee,One Size,Beechen  Boulevard,Gold,513.778775401557,USD
921cd977-cb20-448c-9e33-4194dd1846fd,854,"https://facebook.com/AOtmFpBaCNmewmyE",Angels Jeanswear,XL,Charnwood   Vale,White,478.483270530595,USD
a43cc7f0-ad65-429a-93f6-febe878d3ad9,996,"https://facebook.com/JSIMTJQplLvNwUrm",C&A,XXL,Cable    Alley,Emerald,451.401948467331,USD
2a8e2682-d320-4eb8-8eb5-d23842335369,686,"https://facebook.com/PdXsBIclgoCubKbJ",Old Navy,XS,St. Pauls  Street,Rust,121.628731443621,USD
ada64161-1731-48ff-a808-d0b4b41165ec,570,"https://facebook.com/oIORngsglamhSHyy",Merc Clothing,XXXL,Cleveland  Route,Camel,470.229870254062,USD
8604e3b2-ca84-47a2-8931-7c29302d971a,891,"https://facebook.com/YwAIsMfqSwHWwSny",Izod,S,Pine Route,Salmon,503.722985848902,USD
7a53ae11-b30a-430d-863a-655fe9d82483,619,"https://facebook.com/WMapFBPkRgimumEw",Hamilton Shirts,S,Apothecary   Walk,Magenta,181.76701860004,USD
8f33f0ce-1f2a-4b2d-8a39-5a1fae1b0d02,93,"https://facebook.com/puccpyfeYOSEwGSX",Andrew Marc,,,Ultramarine,194.225025305876,USD
fbd7820e-7c85-40a5-a062-7f4edd43cdf3,545,"https://facebook.com/MYQDJYsfMsVadiuD",C&A,M,Beaumont  Grove,Camel,275.664262802431,USD
98cff018-5ab9-4c06-87db-d8c05e06ca5c,515,"https://facebook.com/sNqIyQXjYncFzowD",Mohito,S,Chestnut  Route,Auburn,761.499618005487,USD
781dd247-27b4-4f32-b16b-38c8157bcdce,95,"https://facebook.com/GtptiWqtVJoWpeBM",Mataano,,,Barbie Pink,512.526668346979,USD
51598f7f-099f-490e-8251-9a18927e5033,540,"https://facebook.com/slZcJLeEvpIAYVbl",Ecko Unlimited,L,Arline    Alley,Emerald,437.807472602621,USD
39333275-1b84-43e8-a3b2-31b0e99a57b5,858,"https://facebook.com/WxcZUzmDJZgTQtfc",Ex-Boyfriend,XXXL,Berriman  Pass,Champagne,219.839358200957,USD
7c3f6c44-1726-4be5-9dbd-f054c57a6ce6,321,"https://facebook.com/RjXLTQHGKBxXNFTB",Max Studio,XXS,Gathorne   Road,Amethyst,728.114871399777,USD
923d2854-b5d6-4ddb-932a-87ce10c683ba,405,"https://facebook.com/VDAlwqbGHntmYFOM",Andrew Marc,L,Calverley  Grove,Ruby,735.891337303641,USD
8e21e071-ebcd-467a-a126-3bc4290d85c5,339,"https://facebook.com/rWZfhJoLWXzMvruZ",Ethika,XL,Boldero   Avenue,Pink,89.031487198808,USD
bfac7826-ecbe-459c-a3e8-a9a04ce1c683,373,"https://facebook.com/UAnipwDpSWeGdDkV",Levis,XXL,Chancellor  Vale,Red,683.388157837055,USD
f88271a5-bcf7-4b25-aa99-d706a4d75928,641,"https://facebook.com/wOcpGbTJdRPpfbAq",Tommy Hilfinger,L,Waldram Park  Pass,Olive,175.781699251529,USD
d813fc34-e4da-40ca-b07c-f484aae4bdcc,898,"https://facebook.com/ZbLQCZPXTolVIPFd",Bujo,L,Empress  Crossroad,coral,259.586532170473,USD
93dbc4a4-6f8c-4444-bf3c-0bbc63ebd1c2,372,"https://facebook.com/BuBHbCaOrtMmXpBb",Old Navy,M,Dunsley  Way,Cyan,63.0417023131492,USD
820890d6-1182-4d2b-bfde-8b99e10bebf2,74,"https://facebook.com/tFHYFeJCTikvNcJX",EMEL Fashion,,,Red,278.291529972023,USD
8b374165-665d-4a53-8405-40a3c463c863,281,"https://facebook.com/SefgaKLGwXhtHxIs",Angels Jeanswear,One Size,Queen Vale,Orange,741.397032934207,USD
8b7a5304-714e-4d8b-9193-026af7db9e4d,379,"https://facebook.com/nZDYpxwmPNjYNWvB",EMEL Fashion,XS,Sheraton   Way,Apricot,378.714468585907,USD
bebe3a80-ad6b-4339-be7b-4d587798bc0e,155,"https://facebook.com/ykPOGvYbuZQTuTxj",Merc Clothing,XXXL,Camdenhurst   Walk,Purple,228.630810858757,USD
b4a3c1a9-6791-4faf-af95-6e25d59abbda,546,"https://facebook.com/gygITtRMFhDYjXPi",Lilli Ann,XXS,Bendall   Pass,Amethyst,822.500233399696,USD
0db05905-1bc5-474c-89fd-05411c6773a9,991,"https://facebook.com/BzDwRlPUMoHBQMji",Levis,L,Empress  Crossroad,Amethyst,588.482242669916,USD
a5d72201-ec69-4066-b072-e922f092dad9,272,"https://facebook.com/HJwXlgjoirfwqVKx",Columbia Sportswear,XS,Collent   Walk,Barbie Pink,846.190681798254,USD
429ab3ea-03b4-43b5-8a29-348156217856,906,"https://facebook.com/pINKpakPmsUjwjxw",Ex-Boyfriend,One Size,Carltoun   Boulevard,Emerald,333.336400280644,USD
9c3768f2-4a15-47f1-bfb3-262d43409851,480,"https://facebook.com/lpPjSRYPZMpphkua",Lee,M,Thorndike   Alley,Dark Red,76.2730512846275,USD
9954b55e-d1da-42bd-9772-0a99dfc75cb7,916,"https://facebook.com/TBAuCxfyJbSZlrbg",SABA,One Size,Argyle  Grove,Fuchsia,536.426122553626,USD
6a3669c5-d18a-457c-8225-632a68daaacd,747,"https://facebook.com/xivUHCcEltYPCkVl",Hamilton Shirts,One Size,Falconberg   Walk,Blue,417.711467434765,USD
bf37d7a7-5f71-4cc6-97b7-89c462d5e5e1,243,"https://facebook.com/lxEWgpWrtdvmSrUJ",Tommy Hilfinger,XXL,Hampden  Walk,Black,293.368042489466,USD
f85b9938-7b46-4126-992a-6ca0df01da58,286,"https://facebook.com/mOZEksGFOoPmPAbu",Bujo,L,Virgil   Way,Sienna,471.692190920106,USD
9e427329-01fe-41a2-8e11-1059f8e496f2,265,"https://facebook.com/NxbNvDgacIgTYmSd",TNT,L,Cadogan  Street,Dark red,665.446996616189,USD
e5ceeafd-e0e7-4e86-a1b5-770b944bbc33,644,"https://facebook.com/icLUtDDrcoleTQSv",Cherokee Inc.,L,Abbots   Avenue,Salmon,112.979584363061,USD
e3b1dac8-088d-43ad-b8b0-f59b9fb565f8,127,"https://facebook.com/HkxuRjIBTiDzqLLI",Max Studio,L,Eldon  Hill,Sky blue,384.587022197487,USD
b9db09ef-84fa-44cb-bd40-7433f8fc5f4b,484,"https://facebook.com/TjIKZkcSjBChCTUA",Healthtex,L,Bishop   Tunnel,Cyan,85.02362729076,USD
18845c26-1d0f-47e9-aa9d-d1af01aee19f,361,"https://facebook.com/CbMcYBGHdsrBnZHt",SABA,XXXL,Sundown Rue,Green,605.151996885744,USD
73502583-00f4-4cf6-adac-47565ed9c45a,211,"https://facebook.com/SypWoyaPNosQlTAc",Ecko Unlimited,One Size,Hampden  Street,Green,573.519873433304,USD
ff73585c-0a68-4fbb-8a35-21b4f378a6cd,617,"https://facebook.com/tgvHkRPbhNhzrMET",Dollie & Me,XL,Sundown Vale,Apricot,61.0694173134861,USD
be1e2c6f-c57d-439d-9ae2-9938520024a5,827,"https://facebook.com/coyfQavLNfcqbSrt",Angels Jeanswear,L,Liverpool  Tunnel,Rust,703.181403619569,USD
02218b87-c2c1-4630-bbf4-d7cb1af9f8fe,596,"https://facebook.com/TDzDQNUybimFPdZu",Baby Gap,M,Sheffield Pass,Purple,737.907885288092,USD
449469ad-83c7-4b62-84c5-2a989ec90a36,701,"https://facebook.com/CDzyHQhvezjtdWAw",Loyandford,S,Clissold  Pass,Gray,844.942788073082,USD
5a7dc218-1484-468e-8d04-41d28b24205f,353,"https://facebook.com/coRWKnJzWBvzScWP",H&M,XS,Canon Drive,Purple,841.107146299275,USD
643a45f1-85ab-49e8-b290-2ae5be2a93f7,894,"https://facebook.com/cqZoZVkBFidytfZW",Mataano,M,Champion  Road,Gold,165.127351141841,USD
e248b809-9483-4bb6-b3fe-4f964a812280,475,"https://facebook.com/SjSTcAewaBqZpYyo",Mataano,L,Rosewood Drive,Cadet blue,719.02023691989,USD
b32e74c0-adcf-4047-904c-7d748b37810a,944,"https://facebook.com/jFEhqalnzgzqPUFZ",Mohito,L,Virginia Pass,Brown,763.867260100971,USD
4fca1ed6-808a-44fa-9bf5-e83d09ad3dc9,267,"https://facebook.com/urorGaXvQLxiRkxi",Merc Clothing,XXS,Ellerslie Grove,Rosewood,746.019948002207,USD
1d0d8f25-b1b0-43c0-a49a-75ef4743ed43,976,"https://facebook.com/lgLaDNzkkdXUMxAl",Koton,XXXL,Beaconsfield  Hill,Purple,467.557868741028,USD
cb351538-2b5e-4b23-8771-6b0bd2e1a144,754,"https://facebook.com/qTSZMTvyDgRmknMy",Cross Colours,S,Blackheath  Route,Sienna,217.222414648045,USD
b9432f98-3eef-4fe0-b98f-a56a810e5a60,374,"https://facebook.com/EEnJJsfsQXPglWQp",Angels Jeanswear,M,Burton  Rue,Gold,424.334498678271,USD
65f55b1f-d0f2-4553-b0dd-0e7db3c3d537,634,"https://facebook.com/rAKkBvTvxyjGIaiZ",Real Gold,L,Woodland Lane,Lime,131.412808845724,USD
c33af5b2-9dfb-4696-ab61-918d2fcc9850,834,"https://facebook.com/kXBkSfGFZFhSiVYw",Ethika,XXL,Black Swan  Tunnel,Salmon,325.707512465416,USD
bcca735f-3c20-4cdf-b28e-389a4d0525b1,324,"https://facebook.com/deRKwrUyQSTFofzf",C&A,XL,Elba  Avenue,Magenta,849.839191689328,USD
0bfa0f0b-33f9-4b37-9679-2689e5ee12ac,505,"https://facebook.com/CvLmOiIXlDsPARcw",Nice Collective,XL,King Boulevard,Yellow,872.647784171709,USD
132710e2-f878-4f48-926c-6d49aed4ee51,741,"https://facebook.com/PLpGpowYNkxaQtiA",Angels Jeanswear,One Size,Belmont Park Grove,Sepia,692.993062418198,USD
50583381-ebb1-4a97-85ee-16c56a31d7ab,146,"https://facebook.com/dPRMgjUEXHHLFupw",Countess Mara,M,Pine Rue,Yellow,441.533393346734,USD
81a1a4d2-601d-4484-a92d-1ef4ce47f752,219,"https://facebook.com/EIeyKDIwbsOVEcyR",Ex-Boyfriend,M,Linden Avenue,Emerald,858.601925478378,USD
6985d506-fe0f-4f7d-a74b-d34cbd3fe296,543,"https://facebook.com/pyiQKsDmVUxivlus",Rip Curl,S,Marischal  Route,Capri,22.8992529257337,USD
0fcc7b31-bbea-4496-b8cf-125c772a9023,138,"https://facebook.com/hwOfSVQvLvEZfqbx",Izod,One Size,Empress  Drive,Rosewood,244.446207767341,USD
d1dff7eb-6fef-4b0f-a07f-e4bc37a53bc7,8,"https://facebook.com/VuUhPZyxWPJUrjeH",Real Gold,,,Peach,315.959928824794,USD
7eddc16c-9d67-4cad-aa22-8ddfa73b6a10,527,"https://facebook.com/qJiKABftvaIlkWBT",Converse,XXL,Bel   Crossroad,Purple,105.592918355075,USD
264d10d1-031b-4c37-ae29-8531f0e8c130,760,"https://facebook.com/ZDklvLcvtkwfitQz",Tommy Hilfinger,XL,Boadicea   Crossroad,Silver,514.905512531491,USD
87664156-353e-473b-9c46-fd3c21a6213f,778,"https://facebook.com/IIVakmkSWviltTQX",Mohito,XXXL,Dunton  Boulevard,Dark Red,338.904583579132,USD
5d198a39-3645-4bd8-86ea-9707efc2ba82,929,"https://facebook.com/qajnzLqosDTDXARq",Loyandford,XL,Yorkshire  Walk,Rosegold,178.063985163157,USD
c67d8c16-f61c-4360-a942-c69a2551f9cb,61,"https://facebook.com/nzZpZKqODTkDqUXl",Koton,,,Rust,39.3044122265812,USD
92e4fd7a-3c7c-443a-90f0-57c4723cdf35,381,"https://facebook.com/axJWzYTioeEeJHfb",Izod,XS,Becklow  Walk,Aqua,665.693527172424,USD
b5965aa1-6967-4d22-9cc2-6c621bb16ea6,247,"https://facebook.com/uGlpBvkgouKkMTHi",Rip Curl,XXS,Battis   Way,Red,590.890849501556,USD
fe363fbe-0922-4bfb-a66f-d5bded3ebff8,940,"https://facebook.com/NirVhWnDuCveVVKa",Merc Clothing,XXS,Sheraton   Grove,Dark Red,416.132725701045,USD
dec2ac81-b34e-4e76-b1f1-2d1c30f1ca52,613,"https://facebook.com/gfTIvLfBVReaUcfq",Cherokee Inc.,XXXL,Arctic   Hill,Barbie Pink,658.196612560063,USD
c9dc3d1c-5617-447d-a1c3-211913e54c1f,300,"https://facebook.com/GFFlOXAVLiwxIHXf",H&M,M,Fair Vale,Amethyst,138.031141135172,USD
b05dfc46-913e-42d4-8632-367fe8da876a,561,"https://facebook.com/rOOyayjVGdsdSReZ",Cherokee Inc.,XS,King Crossroad,Magenta,790.574786196046,USD
5645b7f2-eee0-4ec1-8ce5-2fa04dc14743,415,"https://facebook.com/GJNkcESxrnEFZDnt",Old Navy,XXL,Pine Grove,Ruby,633.237679097228,USD
4b752e1f-e4be-4872-9a3b-668f3ad1f78b,960,"https://facebook.com/eSBMIJFoFKRrCfQn",SABA,XL,Beatty  Drive,Lavender,664.238172625084,USD
c9d72506-450d-4d53-a8c3-6ca9c2946635,429,"https://facebook.com/kHtydwdyJvudMdLN",Avirex,L,Bacton   Rue,Champagne,578.481970785657,USD
a44fdc06-b27e-44f3-965b-08fcd076f3be,567,"https://facebook.com/DNPeVrcJrBrTdRSr",Columbia Sportswear,XL,Cephas  Way,coral,608.961437266549,USD
23ec7f18-0dfc-450b-9f9c-696be714ad2a,349,"https://facebook.com/dMeNshyyJBhFZfuM",Forever 21,XL,Magnolia Street,Rust,775.073581476046,USD
1e1db23c-0d45-40e1-9f9f-386de9c98766,63,"https://facebook.com/ZeRGIJXhZxZLBqJy",JNCO,,,Gray,211.020219168416,USD
6e6dd18d-a3ac-4ac4-a457-282476f2419a,654,"https://facebook.com/qOpNqwFKsBOxHEMv",Brooks Brothers,XXL,Bletchley   Walk,Gray,272.162905688255,USD
44b99755-1ff5-40df-a8aa-1836169869b4,245,"https://facebook.com/VPkDcBXyhaMqtXPF",Nice Collective,XXS,Endsleigh  Rue,Gray,32.000885257279,USD
46fd3042-2164-4c53-8dd6-3ceef40b66f4,252,"https://facebook.com/jiFjPxPavhYabULF",Mataano,L,Carolina  Boulevard,Dark Red,372.192195492202,USD
d0c885d0-5885-42f8-b002-0a5a8b45f1b6,5,"https://facebook.com/VXiEmlyVHBGtdceg",Forever 21,,,coral,408.752195618712,USD
270ca06b-d534-4538-bff5-42df5f1e6ca7,900,"https://facebook.com/ZAJKrCwNuvVAAPcK",Levis,XXS,Cheney  Crossroad,Green,224.355125900304,USD
5c561735-5619-43fb-afca-38d797964f1b,598,"https://facebook.com/hrOqLptHAioESHqZ",Hamilton Shirts,XL,Chart   Avenue,Emerald,849.672899235134,USD
9a7348f0-f7d2-44f4-9935-a9f840e2919f,79,"https://facebook.com/IYCCKEDEWqeupUUE",Real Gold,,,Yellow,389.819757805369,USD
8018370c-1fdf-47c3-af6f-de58503fbc53,735,"https://facebook.com/SXbIwsngKfsAsFca",Baby Gap,XXL,Zealand Drive,Auburn,170.461001209445,USD
825cb588-a7cd-4a59-84eb-a31e71c705b3,884,"https://facebook.com/yPqkssttGxqouoyI",H&M,S,Boadicea   Avenue,Blue,682.012739929158,USD
cddaa55d-bf2d-4a9b-9ad8-499d993d72a5,508,"https://facebook.com/UNPYmLeavUMhHJWV",Lilli Ann,S,Clarks  Drive,Mauve,221.056628389557,USD
a0ca7191-8736-45bd-9813-6430d5fe7dec,392,"https://facebook.com/ELQCPgAPtTFanAbd",Nudie Jeans,M,Maple Walk,Green,611.458505164361,USD
9976aa61-9310-48e8-9572-d7975c5123e8,559,"https://facebook.com/DilrrEsbTuzJqAOz",Mossimo,M,Calverley  Avenue,Dark Red,658.860408181506,USD
7d828dd3-6ee6-4c24-bfff-9d5ad05b78af,506,"https://facebook.com/XGHXhGfpJsvBVbJh",Koalapop,XL,Cedarne  Drive,Yellow,651.279640617692,USD
12ae87e4-e208-463a-9c87-f804292b19c6,185,"https://facebook.com/xdsToxrvHNsBwPpR",EMEL Fashion,XS,Coborn  Tunnel,Cadet blue,490.199080083859,USD
29ab7408-9b18-482c-ab43-aa4b69d6eaeb,843,"https://facebook.com/WXNXujFWOoNYjqEz",Ecko Unlimited,XXS,Castlereagh   Route,Azure,899.578120103622,USD
8184af86-28be-43fc-8aba-965aad0ed073,377,"https://facebook.com/vkjRaVFkJGAhvBvw",Karen Kane,XL,Cheltenham  Street,Lime,799.405812229,USD
bb2a409a-4577-46de-951d-e572a706dca9,355,"https://facebook.com/RBqfxyNYsIugOQmS",Bujo,XS,Vine  Grove,Gold,851.988739804141,USD
99116023-7556-4e5a-b076-04b763345e0d,264,"https://facebook.com/VNtqYuBrLlksrLcY",Cross Colours,L,Bagford   Street,Fuchsia,612.959238059581,USD
acbdea83-9a23-48f4-b881-415c3e630b70,897,"https://facebook.com/GncaNWEicwWBVNXr",Lilli Ann,XS,Bletchley   Grove,Orange,102.420630100626,USD
385ef826-8c61-4a9b-b778-c13e2486483d,230,"https://facebook.com/pHgNlkqxBPwaisMG",Koalapop,XXL,Coley  Grove,Black,485.194686921651,USD
9ba870c0-6108-4e95-b0eb-91da3352ae53,647,"https://facebook.com/YBMHWZcSMMFLnVRz",SABA,L,Caroline  Road,Camel,624.372628750234,USD
59723078-4a30-481f-a14a-8e808472c651,711,"https://facebook.com/HIDrIHGfBtRcggaq",Lee,XXS,Blandford  Crossroad,Azure,475.512199619805,USD
55aeeadc-ef8d-4618-b52c-ff4d6972f2e3,752,"https://facebook.com/vSJzhiXRuWFaqecy",Guess,XL,Cloth  Walk,Amethyst,765.478833974343,USD
2396b6d3-9b5b-494d-ac7d-773cfaa403e6,33,"https://facebook.com/GTkBbkEohZVoVazk",Karen Kane,,,Turquoise,382.790775194914,USD
fb896e92-0b1d-4ea2-ae47-64dbb9372487,102,"https://facebook.com/lqSyHPdVDWTUBdKj",Karen Kane,One Size,Fairholt   Walk,Magenta,748.40583931186,USD
5be320b0-519d-4e81-b868-b19afc37ed22,909,"https://facebook.com/wiMWMtPLxRSWORvN",Mohito,M,Meadow Avenue,Azure,357.394922132103,USD
ebc2ba12-52f7-4e8f-9478-ab8ea0acc223,332,"https://facebook.com/MvPTnsGXyiKCYOEF",Bujo,XL,Caldwell   Route,Azure,771.909742938559,USD
8f80ec7e-3ae6-4e06-9c82-d02d0d57fc51,441,"https://facebook.com/TjexZhTuoSPIoJAa",Rip Curl,S,Addison  Crossroad,Ruby,389.852583223201,USD
447d7cd4-0cf7-431d-a896-bd8cdfb28f26,82,"https://facebook.com/gEmbkUPumKutIqVi",Max Studio,,,Dark Red,665.811113957009,USD
42e71936-c2d8-421b-be15-85bfa1eaa11d,494,"https://facebook.com/gSAOFMTaUyxwaQqo",JNCO,M,Durweston   Avenue,Cerise,594.47626438225,USD
0567e56e-2d5a-4c80-a3d2-d76cf5d880e6,491,"https://facebook.com/cQJVyjhPkXXTrpTy",Ethika,M,Adams  Hill,Lavender,310.940564949285,USD
843c8b86-5b35-4c0a-9f8b-101e8c66287a,748,"https://facebook.com/AJkVPuKanpRWSCjv",Karen Kane,XS,Arctic   Street,Cyan,481.012217163361,USD
c4a6bbce-5573-45df-a2a3-0b9a5e435932,934,"https://facebook.com/qsjgFzycEyxBwWTx",Healthtex,S,Lincoln Rue,Dark Red,459.114269147461,USD
02bc115f-e5d6-4ad1-9657-53de8a0835d3,917,"https://facebook.com/HlvYFzwSfXkGgTia",Acorn Stores,M,Glenwood Grove,Beige,324.335472970673,USD
4d2c51ef-70b7-430e-8207-34cdf432ccb5,269,"https://facebook.com/TisKbYtBsjwSsUwq",Mossimo,M,Aspen Tunnel,Carmine,43.4045127955892,USD
7a85e8af-1fc8-402c-a835-c34e87545d02,215,"https://facebook.com/liTygtFGTwrURBay",Mataano,L,Cardinal Vale,Amethyst,791.323192133966,USD
62197f54-60de-4468-b574-653b9d0af9f6,195,"https://facebook.com/PKXJpHwudhRRgQEP",Izod,S,Lincoln Walk,Dark red,766.506860922574,USD
b1e5aa3e-dfdf-49ca-adf3-7a1e950e96f6,866,"https://facebook.com/fOzUeimWxXMysoEm",Rip Curl,M,Apsley    Vale,Auburn,411.237578901354,USD
dc3fd1c8-d955-4e3b-8d54-90db6763e03c,194,"https://facebook.com/rIWvFTUCGsKXUHAY",JNCO,One Size,Belgrave  Tunnel,Aqua,444.151357261316,USD
0fe60f9a-42d6-4bff-add0-d41292081fa1,76,"https://facebook.com/BCsGiudymPsyuaPE",Andrew Marc,,,Amethyst,165.251526178225,USD
df3f20e5-243d-4aaf-996e-60fbd1b8d364,53,"https://facebook.com/TEfpwQftdqcOkyZL",Nice Collective,,,Lime,361.738084196704,USD
353b7496-ef76-40ac-a18d-c7ba516bdb63,431,"https://facebook.com/BHpfNcRgkfHlPgrs",Ethika,S,Walnut Walk,Rust,727.197768269446,USD
60878048-1bcb-44f1-96a1-a0c1e422d420,547,"https://facebook.com/eSnwwdQUmOkfPtqa",TNT,M,Black Swan  Way,Black,364.743375665636,USD
6d63a028-0548-4eab-b5a4-0ca3ebaf8a00,401,"https://facebook.com/YGKmeGfeVrNlwhRu",JNCO,XS,Fairholt   Vale,Emerald,490.899542543306,USD
1be828c5-8f42-465d-bab0-b6a683856692,896,"https://facebook.com/qqebfHHYXXgZvOJB",Converse,L,Queensberry  Street,Olive,244.525399696573,USD
7a6ccace-a8f6-4662-b377-81efee39acdb,366,"https://facebook.com/kBtpdgQhwLnFwRZy",Dollie & Me,S,Boleyn  Street,Gray,286.386576240843,USD
b41eaf9b-591e-45d5-a4a2-9d10aada7da5,702,"https://facebook.com/IrvZrrDaIzJNbUQX",Cherokee Inc.,One Size,Rosewood Lane,Camel,690.231332401168,USD
4ba4dc6a-5c6e-43da-87e4-752ab25ed41e,699,"https://facebook.com/KHuCRLRWlKHIhOjO",EMEL Fashion,M,Bazely   Crossroad,Capri,804.200223823418,USD
7835d0e7-1993-49d6-a805-34424dfd20ee,687,"https://facebook.com/zenBlhCxouDdZeyH",Koton,XXS,Archery  Walk,Peach,427.809998063063,USD
dde72c0c-b4af-43b6-86b6-bece404c4f5f,895,"https://facebook.com/zdHLmPRZRmuuAfJi",Marchesa,L,Arline    Way,Brown,885.165963202108,USD
ea3e2c71-efa9-4e95-9c80-1fe96861cdf7,465,"https://facebook.com/NZlqYriGSdSvKSYC",Mohito,XXS,Addison  Lane,Pink,777.709591673799,USD
bce43c4e-086c-4ae2-8e53-c165c7e5fdd3,282,"https://facebook.com/PFJNkrUXZIFXTouS",TNT,S,Sheffield Drive,Auburn,636.399221747615,USD
0acb46c1-787e-4b2b-a319-b9dd93a9b926,597,"https://facebook.com/yXtPtRqYbZfzVxPX",H&M,XS,King Avenue,White,862.357293510291,USD
2963c658-a8cd-49bc-a5fb-c746d2a5796e,504,"https://facebook.com/NweezkhINfzLJjZs",Guess,XXS,Jackson Vale,Peach,392.554638574405,USD
beea7fbb-6402-4f6c-bc56-a826b94c6c13,413,"https://facebook.com/GNLDWmjzuIYjSCuj",Ex-Boyfriend,XXXL,Arline    Walk,Azure,682.552177301181,USD
52946484-36bb-4243-aaaa-46d505d93506,932,"https://facebook.com/ahIcGWamGvctHffK",DKNY,L,Elgood   Boulevard,Sky blue,374.444824149355,USD
9eadad67-9736-4f8c-ab7a-ae8769605911,746,"https://facebook.com/abKnwTcSMLRQDNYU",Marchesa,XL,Sherwood  Pass,Azure,635.799609277085,USD
b374ddb7-82c9-4061-8e2d-b234607209b9,388,"https://facebook.com/GXZeVGQpfIrMoURW",EMEL Fashion,XXS,Victorian  Vale,Dark Red,718.839745706585,USD
1c6faeb5-48f0-4e5e-b095-e43272b45378,346,"https://facebook.com/iQrHSBaGjDeKmYxM",Healthtex,XXS,Coal Wharf  Route,Sienna,611.305069019476,USD
7d078b79-92a5-462c-807a-e35f07d435e3,762,"https://facebook.com/XKlkoMyiBZZSvyGB",Merc Clothing,S,Blenkarne  Rue,Pink,474.00402861905,USD
e35ad892-3bc0-4e97-9ca0-e4a27bd454c2,387,"https://facebook.com/apExbRFeyVSWFnAe",EMEL Fashion,M,Parkgate  Drive,Capri,483.810129349278,USD
34d42d89-00c4-460b-8943-ce2f604e122c,434,"https://facebook.com/sHRNKOQTIDCzROPp",Max Studio,L,Linda Lane Road,Ultramarine,203.275006344451,USD
eae5ce7d-5ddb-417d-bf09-9f8d9beeea95,607,"https://facebook.com/qhFJHEQHZgfSOMNt",Hamilton Shirts,One Size,Cloth  Road,Fuchsia,868.265338866876,USD
5727e477-ff07-4b90-a3cc-121145a43b60,400,"https://facebook.com/VASCQfjvfnAsXTxf",Mataano,XXL,Carlisle  Way,Pink,326.820292195003,USD
c65d14dc-efb3-4723-af18-0a730eb85ba2,507,"https://facebook.com/xlLOKSczkPITzbjc",Six Deuce,XL,Linda Lane Grove,Emerald,737.37986595226,USD
8a729894-7003-48af-8a4e-bdb470645bb1,595,"https://facebook.com/YHFCsTbsvCksgNyG",DKNY,XS,Ely  Drive,Silver,210.557303151156,USD
7748edb9-ac01-4966-aabb-55adeaee9387,31,"https://facebook.com/tdjiwIswdNymfzlk",Koalapop,,,Brown,813.263557624907,USD
e8331eba-17de-4a8c-8d42-fc44926c2431,587,"https://facebook.com/iQCFZackEbrPeLHq",Real Gold,L,King William  Hill,Sienna,728.21534487081,USD
aa3f96fc-e948-407c-a2bc-f3565439181a,681,"https://facebook.com/CiXZCjtbRfEoelps",Brooks Brothers,XXS,Arctic   Lane,Beige,618.98613880785,USD
b3edb38f-3659-450c-b03b-a58401fdc76c,563,"https://facebook.com/WlJGVGCZPJrnwvZk",Healthtex,XL,Central  Alley,Black,252.760307125417,USD
3ce163e0-b24d-4e64-b335-506eb392a913,640,"https://facebook.com/JXymZbhKEtgfRGaq",Old Navy,S,Oxford Pass,Sienna,117.447673758481,USD
966fd0a4-53a7-4c33-81d7-e1894c4556da,958,"https://facebook.com/wVeFTnmavKWiXIDL",Ecko Unlimited,XXL,Belmont Park Rue,Amethyst,198.730930451425,USD
51d4a1c5-cef5-41bb-b0db-4f68c2147ad1,825,"https://facebook.com/pIEyssTLSGORMyuF",DKNY,M,Union  Avenue,Cerise,436.489748818809,USD
a8f093dc-e941-406c-b883-032b55f9fb97,761,"https://facebook.com/JhIhfdsqpsgUeTeX",Acorn Stores,XL,Mariner  Rue,Yellow,375.660456296611,USD
896b7bd1-895a-4795-ad66-542244c85cd9,56,"https://facebook.com/RNIvDrgGhmzosHjt",Converse,,,Rust,653.389927102681,USD
4f2258f7-0c32-4e33-a21e-c09c2acdd8f0,29,"https://facebook.com/EwTiKFhkfFYgIWmz",Real Gold,,,Pink,455.503466814306,USD
2feeb840-6399-4806-817b-5e16342a8c64,497,"https://facebook.com/iqkudRgHVJoQDYnf",Columbia Sportswear,XL,Andsell    Vale,Cerise,370.44984276359,USD
d9446f56-22b9-4803-84f0-510d8e535a5f,298,"https://facebook.com/IFpWYTmrJuLkCSdY",Izod,XXXL,Clifton  Way,Barbie Pink,268.109167516529,USD
4fda350b-7c3a-4ee0-8619-5367d55bf152,378,"https://facebook.com/sLUATSidvhzlZCTL",EMEL Fashion,XL,Charnwood   Street,Gold,373.620805135998,USD
84e9084a-5d63-438a-9b6d-28ed4cc3a671,68,"https://facebook.com/PUzPRtNXDqABVBED",Angels Jeanswear,,,Amethyst,136.266919434442,USD
14146333-6520-4a5c-a5d0-05eeba0dc2bd,425,"https://facebook.com/lJgadzhUYvFMluOy",Cherokee Inc.,XL,Berry  Walk,Maroon,271.394064741639,USD
97f16f3b-1434-49d7-8137-caabfcd69614,236,"https://facebook.com/SpURnofiZlaycwrV",Forever Lazy,XL,English   Street,Rosegold,523.709085047822,USD
aea32a56-91d0-4294-a34e-e581527c2d13,623,"https://facebook.com/hMOhaeIXJDbilWjQ",Six Deuce,XXL,Bennett  Tunnel,Beige,619.895901085542,USD
fa7ccc84-8490-4f8d-a7af-12ada0ddae78,552,"https://facebook.com/VRvsjWrhxZUvkFVj",SABA,XXS,Cleaver Street,Green,431.1785834258,USD
935fb969-e4ba-43c2-8dfe-72110501c144,189,"https://facebook.com/HJybQwfwxFJHebEi",Andrew Marc,One Size,Baltic  Street,Beige,573.832613800355,USD
ed949201-4137-44c6-8e9d-6036cb81e02c,41,"https://facebook.com/cOkZIYnMXiUzcTgq",H&M,,,Black,600.591911080816,USD
a0ed2ed0-ec40-4852-829d-cd9e5d2c79e0,92,"https://facebook.com/tPokmwWgEHUftvFh",Nice Collective,,,Maroon,230.011925562072,USD
482b2cc1-3350-466c-b2e1-8fe0b7cd7dbe,348,"https://facebook.com/XSyudKrRhiBEHUGJ",Marchesa,XXL,Shepherds  Avenue,Lime,670.281832119362,USD
4d8873bb-33d6-4396-9196-6aaf60470222,87,"https://facebook.com/QKiOiPSSDslgjMPa",Calvin Klein,,,Olive,170.577018883595,USD
57c3881c-6326-47e3-a6fe-f9a183c403a8,714,"https://facebook.com/mZWaeKoiEqCDMIEO",Max Studio,XXXL,Sherlock   Avenue,Aqua,601.690059333676,USD
48a8deae-5857-4c68-b4ce-1d2fafa9cf5c,990,"https://facebook.com/JPpYFVHTvihZYZZf",Brooks Brothers,XXS,King Walk,Peach,879.298406800175,USD
15fbff8a-8995-451e-a99e-b476ff1bc4ef,773,"https://facebook.com/SBaACHhTuMmecEJZ",Old Navy,XL,Blackheath   Drive,Salmon,624.673025902921,USD
c481cf3d-1e47-4d05-bf43-d973e81c98b4,10,"https://facebook.com/kYoKjWAdOFnvEMjL",Cherokee Inc.,,,Gold,680.523565034407,USD
727a7fb0-214d-4dbd-b055-f5f8494b286c,732,"https://facebook.com/rlCPBHUNUODUKvWV",Countess Mara,S,Boadicea   Alley,Turquoise,564.252194909743,USD
5edb6d3a-2c06-48ea-b4de-3514bd9666fc,886,"https://facebook.com/rvMZaUqVSOfUxKEZ",Hamilton Shirts,XXS,Comet House  Grove,Blue,258.654863436792,USD
f93b6fc2-210e-4cb8-a8ed-c742a47048c0,167,"https://facebook.com/QMBcCddegnEzWqPf",Six Deuce,XS,Parkfields Tunnel,Fuchsia,806.398639275194,USD
b28d78a2-c9f0-4f68-b9b9-1490c345a6d7,360,"https://facebook.com/pCnYDGQrUmgWJKLy",Six Deuce,XS,Arline    Grove,Azure,158.826553617304,USD
f95de4ed-76b2-4615-8c1f-2a7375f55f9d,646,"https://facebook.com/MkEaxzmsXdvHOzKQ",Six Deuce,S,Arlington  Rue,Purple,650.422191345111,USD
ef4b044b-f19e-4096-89f5-6d5760064b71,725,"https://facebook.com/uDeISsbBGdDcOZji",Cherokee Inc.,One Size,Antrobus   Grove,Azure,887.320999464882,USD
c09e9b40-5acb-425b-9c06-53095481e78d,193,"https://facebook.com/TopdtgCKkopNAAbK",Andrew Marc,M,Badric  Walk,Barbie Pink,581.654886505187,USD
8f81393f-1a19-4412-b792-31e328a32229,187,"https://facebook.com/fnbLPLhPYFageFBx",EMEL Fashion,XXL,Durweston   Hill,Fuchsia,737.334744191666,USD
03b023b8-15c6-4874-8ed6-992ef3732b0e,22,"https://facebook.com/fLKtcwcXlRESqbpT",Karen Kane,,,Green,629.403956640947,USD
6f4e35ee-5ece-4cc2-b9b8-aba0d3105a99,967,"https://facebook.com/CZitNfCuyYgTOihf",Karen Kane,XL,Clerkenwell Crossroad,Red,178.420809909678,USD
6b781832-f14c-4cd8-bac1-a2ff8efe8f50,676,"https://facebook.com/vNafLshJxfDpNlNV",Loyandford,One Size,Castile  Lane,Maroon,277.498916268362,USD
4df8cc94-d074-4f86-afdd-0c8079b97000,327,"https://facebook.com/aeAEeAtShUZQkGmD",SABA,XL,Rosewood Crossroad,Rosewood,721.985355181394,USD
f2678e0b-7ea9-4b47-82fd-f64760bb20e9,458,"https://facebook.com/KThSbeTgkuaeNeUB",Baby Gap,XXL,Balfour    Vale,Blue,485.347626741453,USD
ae32eaa6-b39d-491a-b933-82d91201dad9,467,"https://facebook.com/azlgSJyVwgwrgqsx",Hamilton Shirts,XL,Carnegie   Grove,Lavender,813.233455189394,USD
92c64cbf-ad49-4990-8dc7-9c1e7c555920,380,"https://facebook.com/VFNigJmSMrJTKSqX",Calvin Klein,XL,Parkfields Drive,Salmon,67.3061193599534,USD
5ff60efe-5d18-4587-b9ca-1093e3f6a985,816,"https://facebook.com/zODuTzyJFKYlpgPD",Avirex,XXL,Earl Rise Pass,Auburn,269.946796671709,USD
15c3a30d-fd56-4987-b109-519a3f90f9f5,553,"https://facebook.com/lFImogCQKzPgmNBv",Converse,XL,Parkfield  Grove,Salmon,745.393544353043,USD
31951f3f-3f14-4c4c-8a6b-2e04db16d354,913,"https://facebook.com/oPjfLGVQzOpXAqkI",Dollie & Me,M,Yoakley Street,Amethyst,575.538902860633,USD
41115e52-9220-49d5-b50f-150858f05c15,407,"https://facebook.com/qDYPcFCmMoFrrrDq",Levis,One Size,Bellenden  Boulevard,Auburn,143.466780757996,USD
ce1cf0ca-88aa-4afe-8e4b-433e2c3cc2e9,922,"https://facebook.com/yDZwlCkQFgcmWRsQ",Angels Jeanswear,One Size,Black Swan  Road,Sky blue,441.192621259355,USD
24685967-3043-4239-b793-1ca4376f7c18,839,"https://facebook.com/wQZxAaqnytaTxJiM",Countess Mara,XXS,Tilson  Crossroad,coral,263.51858622909,USD
c41026b5-fdca-40c5-adf4-33c2e4a5d2a6,275,"https://facebook.com/eNjwXlZqeafsMbuL",Dollie & Me,XXL,Lincoln Vale,Dark Red,241.304463338495,USD
b8d7edf6-5940-420d-9549-906b5219f323,821,"https://facebook.com/ycTKiguZqPYEXgqp",DKNY,M,Bempton   Pass,Capri,809.191619815641,USD
2ddb8ef9-e09f-40fc-944c-628f06d01a67,903,"https://facebook.com/bnDocpdlgKpPCQPT",Ecko Unlimited,XXL,Becklow  Hill,Rosegold,530.852524380843,USD
7ca1fe6f-d205-47f8-9aaa-01b5334ced9d,649,"https://facebook.com/vXrbHPhQrRoozrSt",Brooks Brothers,M,Central  Route,Peach,726.135540909909,USD
afdc4155-bccb-49bd-b0ba-99d9becc0a9e,200,"https://facebook.com/NUPyqOIttIQGIIQp",Merc Clothing,One Size,Castile  Street,Salmon,205.084691529914,USD
b975da29-ea18-4470-9af4-943585ea91c9,872,"https://facebook.com/WsLbYLERRmxusiEI",Loyandford,XL,Queen Way,Rosegold,398.858991776309,USD
798e84f3-782d-4e72-a989-2cd67272d0cb,367,"https://facebook.com/IrSdPnlVoXMcgoVi",DKNY,XXS,Beechen  Drive,Rust,397.442707736032,USD
c9966677-6080-452d-9d03-6de53abd1542,786,"https://facebook.com/UheWiIXBFxOVmrzu",Ex-Boyfriend,S,Walnut Lane,Brown,718.552804467307,USD
5092e62b-7c12-4895-921f-2a2bd9b46136,907,"https://facebook.com/ZTESsDJKVWUmnfAD",Baby Gap,XXL,Blackwall  Boulevard,Purple,899.428032084349,USD
eb1d5956-4322-4694-98fd-f2da01bfa993,943,"https://facebook.com/ZWQdirpslUNvRifT",Merc Clothing,XS,Hammersmith  Pass,Amethyst,684.344707346929,USD
6f897465-e20a-4558-aef3-029baed9de8a,15,"https://facebook.com/HgKIVAXRVFOnqpDN",Cherokee Inc.,,,Peach,610.906314941326,USD
d0b34c61-274e-44c6-8253-67a2eb2c4174,114,"https://facebook.com/xegyHiJOdZYyaXMU",Koalapop,XXXL,Ayres   Boulevard,Olive,601.358593577002,USD
cc444844-6c4b-4c71-9cab-e8f91efa150e,278,"https://facebook.com/bjlMuXMoOGKRZtck",Guess,One Size,Apsley    Avenue,Ruby,92.9093051061217,USD
e4355afe-cd3a-42e7-9b9c-8b636ae8c6d9,135,"https://facebook.com/ZmwWPtDwDXPHKkgS",Ex-Boyfriend,XXXL,Buttonwood Walk,Gold,480.575254589368,USD
b4d0c183-6f13-400a-9d7c-3327931d42ba,710,"https://facebook.com/VAtZNSzTTWfgankU",SABA,XL,Norfolk  Avenue,Cadet blue,267.809408158688,USD
5e1e6ccc-9c23-4b36-9944-b032a0826088,40,"https://facebook.com/ypvbfxnnYFJcdKHa",Lilli Ann,,,Red,322.424841156208,USD
bed1fcdd-bbc7-416d-9993-7818c9f0f47e,577,"https://facebook.com/QEOYHOUkIaYrYzZy",Acorn Stores,XXL,Coley  Street,Black,83.6586380080267,USD
4e700ca6-c010-4030-9e8f-140810d96c68,11,"https://facebook.com/NUjdqcpfjULrhyls",JNCO,,,Purple,376.747553438543,USD
f7d23872-77df-4457-93d9-a8580f6b7279,105,"https://facebook.com/HIBDgelYHpgCCMwl",Marchesa,L,Calshot   Drive,White,587.992558867914,USD
f4727fc5-120f-42fe-8d44-0a3b64aa72a5,231,"https://facebook.com/oSTShytIIidUJSBg",DKNY,XL,East Grove,Aqua,591.662670576103,USD
f7a1771f-ce9f-4d0e-ab10-ed2aa0b18966,855,"https://facebook.com/QloqDEfxNfTWipJS",Angels Jeanswear,M,Blandford  Rue,Sepia,245.324562089916,USD
fbcde40c-ffd9-4f04-9198-8ca963d68f0e,751,"https://facebook.com/yDsdpOYHJFISrbWj",Merc Clothing,XXXL,Bellenden  Alley,Peach,110.714106222728,USD
30ff3e54-81e0-49a9-93de-6dd4180cb9aa,901,"https://facebook.com/DIChsaCWzTTdoDdV",H&M,XXS,Ashley Pass,Pink,766.231167766154,USD
0b230669-6a83-45ed-b5c8-1a3cdd75be18,358,"https://facebook.com/MJZBivYCTOtazfOe",Mataano,M,Clarges   Way,Gold,525.453716662239,USD
83881a95-f72e-4c91-9667-67d24f24bc64,285,"https://facebook.com/caNkuxNSeLgnpBIb",Forever Lazy,XXL,Waite  Route,Blue,353.705282450763,USD
bcce8040-1556-4b7f-8a30-2867e5edef02,131,"https://facebook.com/ybMdxSZjPYZePKJD",SABA,XS,Heritage Way,Cadet blue,353.510720232055,USD
78beaeaf-75a7-4735-9802-d47578422e81,811,"https://facebook.com/SCNqbwhmbzmpiFhE",Forever 21,M,Chapel  Vale,Maroon,50.1411481498141,USD
405bdb74-48ce-45b0-b2f4-62e9285465f0,920,"https://facebook.com/kZHgvBNWsoHIxUIJ",Old Navy,L,Birkenhead   Vale,Silver,321.175004563157,USD
c450efe5-4663-44e7-addf-1d9ad6939900,690,"https://facebook.com/sCVPrxjfFMLARHLN",Ex-Boyfriend,XS,Beatty  Route,Maroon,666.488461070703,USD
ef42e91f-c47a-4a32-9eca-beb99e66b8a2,696,"https://facebook.com/ZsslEOQfStKdUlUe",Brooks Brothers,XXL,Cobden  Avenue,Rust,405.360182420765,USD
5e31b4f1-fa6a-4242-8ddb-a5fd8867fc2b,449,"https://facebook.com/wPamoMhzwmPWVLEV",Mohito,XXL,Chestnut  Alley,Aquamarine,478.793092710116,USD
63b742df-a8ef-48c5-9772-41282e3ed1ec,933,"https://facebook.com/cBCzhXXtmPPytdvB",JNCO,L,Arline    Rue,Blue,217.349287352003,USD
f6a2bb2a-02d0-4606-b1b0-2aef78ce60e1,228,"https://facebook.com/TlDWHjBUyIAxBQIE",Dollie & Me,One Size,Bennett  Drive,Maroon,328.234813446535,USD
0b0d9c0d-3b30-4e39-8ec0-806ec6c75a6e,845,"https://facebook.com/nyrqSFytvZOyJvnV",Columbia Sportswear,XXL,Virgil   Avenue,Green,425.852670863915,USD
cc16cd51-2e82-4719-a9a0-d073b183313b,575,"https://facebook.com/bHWMuBbkBGBhtzIZ",Lee,M,Clavell   Hill,Azure,664.314851073476,USD
d31b0c87-7385-4f59-b024-c5850f6409b0,166,"https://facebook.com/jnSJnSsARbnayjqo",Hamilton Shirts,One Size,Aylward   Avenue,Amethyst,324.400843574633,USD
1e1e1023-4bd5-4500-aa6b-8732ec9b4074,790,"https://facebook.com/vkxAibLguNUDwTub",Levis,L,Camdenhurst   Walk,Cyan,355.362138957201,USD
27b2adc9-0f7a-4b9f-8863-13d583046e5c,489,"https://facebook.com/ervhFbiQypqHOJVI",Bujo,M,Apostle  Lane,Silver,875.125179496899,USD
4231060c-7a03-4b49-b20f-0dbbb9604d23,820,"https://facebook.com/auUlTOSBYfFgRxIj",Forever 21,S,Glenwood Road,Pink,768.224361437258,USD
4e3bfe79-4a76-4fa1-ad12-e5ece6a2a883,104,"https://facebook.com/DiOzvbPMupBGySxW",Koalapop,M,Chalcot  Tunnel,Yellow,883.441269069431,USD
64e10c83-8ea9-40db-a1db-39c42cf15ddf,198,"https://facebook.com/pyJaEaRzNVqbDuRZ",Ethika,M,Queen Caroline   Route,Cerise,752.47625670303,USD
1817af59-c2eb-4cbf-a565-ba796b21af65,171,"https://facebook.com/QuiCJPFkChtOIfli",Real Gold,XXXL,Lexington Tunnel,Salmon,397.978408892876,USD
11b5221e-0c38-4464-972f-079cffda4a54,4,"https://facebook.com/bWEnIjJVdMgDfwFq",Nudie Jeans,,,Dark Red,520.063639012442,USD
d911d3f1-1fc0-4c26-b56f-4846c6812a4a,394,"https://facebook.com/sJUlKxlFstEAGROs",H&M,XL,Clissold  Crossroad,Rosegold,235.777411802815,USD
dfb824eb-7079-4ce4-bbdc-82a11d178de2,749,"https://facebook.com/WCSrVKGCwmGsZDiQ",Mossimo,XXXL,Carlton  Way,Sepia,403.576420531658,USD
1d881367-49b4-4ad8-96c5-bb7de9d0a315,36,"https://facebook.com/zVPkpjiMhdvkvbHz",Calvin Klein,,,Blue,578.386286586484,USD
53ce3504-9291-4432-8b5e-73c7e8944315,986,"https://facebook.com/hwQIAloGIfCAnfFU",Angels Jeanswear,XS,Angel  Street,Aquamarine,411.98152851244,USD
00cec487-5fc4-4046-92e9-ef202cd9b705,580,"https://facebook.com/WPanAywdqkXokcAP",JNCO,L,Fieldstone Crossroad,Emerald,893.518814386357,USD
7fdc5bad-8482-4204-aea8-8c813403860b,980,"https://facebook.com/lcctgaqeCBpvmAjr",Karen Kane,XL,Collent   Lane,Aqua,572.697136022256,USD
372160bc-45b7-41a2-b344-eaaa930471ad,1000,"https://facebook.com/CimYgfRMvGqINmag",Andrew Marc,XXL,Armory  Hill,Peach,611.406430830684,USD
ead5c130-b580-4b6e-bead-e26dc651cde6,359,"https://facebook.com/fgzdRrnrbxaERKWQ",Koalapop,M,Ely  Hill,Red,63.988828821815,USD
a2bb7f91-ad47-40d4-a73c-5a00fd340b2f,539,"https://facebook.com/DwrzZLMUqVozSxcy",Brooks Brothers,XL,Hickory Lane Way,Sienna,285.617031379671,USD
e734ddbc-340f-48ab-9e7d-134aa36eb8ef,799,"https://facebook.com/xhOpjodkyAcXltpj",Marchesa,S,Bishop   Hill,Turquoise,79.4444372360475,USD
a98920a9-effb-45a9-9570-c554d35cf32d,71,"https://facebook.com/mQrSTYbBADMcrEXD",Ex-Boyfriend,,,Mauve,431.437245118882,USD
983cb59b-2e31-4e98-b8ea-37735a8890e2,677,"https://facebook.com/rMYjlMgTOnCUiaZF",Converse,XL,Cliff  Boulevard,Salmon,785.321214219952,USD
bf2357d7-6ade-4367-aba2-492ba66dfdfe,306,"https://facebook.com/ANtBdsffbNuiCRaj",Ethika,S,Linda Lane Route,Peach,215.908767736256,USD
550bacd5-b2f4-4a06-ad33-e4f494d0912a,863,"https://facebook.com/XKjUOzamSZRMBHsa",EMEL Fashion,XXXL,Bective  Road,Cyan,447.943326759373,USD
8b4e17bf-d2ee-49ef-91ba-86f322fd333c,713,"https://facebook.com/dUCkBZDqFdERezOF",Brooks Brothers,XL,Camdenhurst   Road,Aquamarine,143.3435381343,USD
3a79e96a-a26d-428a-a0ea-9b8d5f6a64ab,287,"https://facebook.com/JhCWsXNTuFqOCijw",Tommy Hilfinger,XS,Ernest  Drive,Salmon,896.030522696469,USD
f85717ba-afc7-4ecc-8557-5345cb1e0f5e,708,"https://facebook.com/DSmXMfFZfxjiVToU",C&A,XXL,Cephas  Lane,Salmon,722.810747380993,USD
3f64c4a0-ac34-431e-8038-27a029dc2309,794,"https://facebook.com/DAGWgEUaHVsDhqyL",Nice Collective,XL,Maple Hill,Pink,505.689320848891,USD
32a5f7a1-782e-4912-bc64-43956734fb5d,77,"https://facebook.com/ZTKwmBTmSHkGJoGP",Merc Clothing,,,Camel,860.578840607828,USD
bcc57616-719b-4c44-949f-7120d7a29168,297,"https://facebook.com/whlDlKzBTUXAHydZ",Ethika,XL,Abourne   Crossroad,Rosewood,379.821203926742,USD
b8c02531-a53a-4144-b530-a887bab7dbd3,566,"https://facebook.com/mvmlYnwAGCKnKzsf",Levis,One Size,Abbotswell  Alley,Gold,373.340982052903,USD
3b40ab21-f33a-434b-be6b-a17bdd7225f9,1,"https://facebook.com/DlfqXYhTlTvwUwXp",Real Gold,,,Green,151.420369680482,USD
de58561f-ada1-4b43-a28a-aa980a8fd678,873,"https://facebook.com/LBSkzcclzHfqnXdw",Cherokee Inc.,XXXL,Cliffords  Avenue,Sky blue,435.939155223532,USD
2e018788-123c-448a-b5b3-7846c4070f26,163,"https://facebook.com/rkSOzvzEbfuFBaVl",Real Gold,XS,Blackall   Hill,Barbie Pink,668.829033353999,USD
c719c723-f3f9-46ab-8231-c5830ead0c5f,144,"https://facebook.com/AufDSatQzmOngvRM",Cross Colours,XXL,Emden   Hill,Gold,834.747043633497,USD
3c40b861-5834-4a5d-8e15-fb92fd468783,337,"https://facebook.com/ybhiGUaHntzpgifo",Baby Gap,L,Bellenden   Pass,Emerald,198.173599948037,USD
d8f08016-79da-46b1-b43f-05eee40cb47d,233,"https://facebook.com/OAFrXBrRnOVAOWtC",Forever 21,One Size,Caroline  Alley,Ultramarine,219.143662282579,USD
161d5a5d-228e-45b2-adc3-ed9464129d0d,186,"https://facebook.com/jkPRciVQzNkmaZRh",Karen Kane,L,Blackheath   Hill,Orange,654.314699491879,USD
bd864989-d0f7-4c7b-a287-a1b1287bd479,755,"https://facebook.com/GCowdwjqKzuKxacM",Avirex,XL,Boadicea   Route,Rosegold,715.917967119928,USD
d875ca32-edd8-4bf7-95be-fc3080e38f94,103,"https://facebook.com/jKKmLRpEZWpGsoBJ",Cherokee Inc.,XXS,Camley   Alley,Pink,581.14419807106,USD
791156cd-169c-4c0c-acd5-b725571fa8fb,771,"https://facebook.com/kEJHUZvYqZcGSXrc",Dollie & Me,S,Cockspur  Avenue,Olive,878.059460842791,USD
66dde201-73df-43b0-aa69-088f730e4c02,978,"https://facebook.com/RLybrUEZctPDuOdr",H&M,M,Canal  Avenue,Amethyst,608.706507424003,USD
a97c4113-66bc-4567-a783-c3c4b4b681e9,682,"https://facebook.com/upnQVaGRSzricMWt",Max Studio,XL,Clifton  Road,Sienna,517.718948297319,USD
761ef231-9766-493d-9144-d76d94797d99,969,"https://facebook.com/fVjbxLKxQisnqSHK",H&M,M,Commercial  Walk,Azure,122.418436302779,USD
912ccb6d-eb05-4eb6-aa6a-2e083f960d9d,271,"https://facebook.com/YiLyPrBcSjcIwYuo",Acorn Stores,L,Emily  Vale,Turquoise,600.073394963799,USD
d93bcc94-3b7c-40f1-b6a8-6cb445a03e61,24,"https://facebook.com/jgFsoxaxdCMpuVJi",Converse,,,Ruby,194.734032694839,USD
46efdc5c-88f6-49f2-b14a-94c8ba0159b2,257,"https://facebook.com/EuFPEmOUwxAOQejb",Nudie Jeans,XS,Bermondsey    Route,Turquoise,579.880933219758,USD
dda1f661-283c-487a-b958-21550a3cd364,861,"https://facebook.com/uswtDxcMiJXJKDTJ",Nudie Jeans,XL,Monroe Crossroad,White,443.395155119675,USD
cffd58e0-c6c4-4155-af7b-e9908e163044,248,"https://facebook.com/veewZthQhYYFDXAz",Six Deuce,S,Dyott   Walk,Pink,490.721983356053,USD
749e63ec-2e82-4031-9580-5275f62daaf1,472,"https://facebook.com/rcoxWxSbQtHAvDmG",Bujo,XXL,Babmaes    Grove,Magenta,443.082809740963,USD
b6575904-fd50-4d12-a33a-4a820b947aae,815,"https://facebook.com/eERlQvUaDvlHIhtP",C&A,L,Rivervalley Avenue,Amethyst,58.0889177143662,USD
b82e1e62-2915-44ae-aa4c-35ba3face60e,661,"https://facebook.com/PYrsadxmRqHwIZyb",Tommy Hilfinger,XS,Heritage Crossroad,coral,613.63708150348,USD
cc299059-dd4b-4038-b99d-5c3ef07fbe21,479,"https://facebook.com/lTNTYbKEFCgeaxtr",Levis,One Size,Bliss  Way,Cadet blue,677.563001805028,USD
246094bd-5e34-4898-ac60-ba9753c462fc,170,"https://facebook.com/sipYzsNusDdaxfFp",Forever 21,M,Howard Lane,Lavender,652.600625156951,USD
9c3af24b-39ce-4aa5-a5fb-b6bafda2239e,283,"https://facebook.com/XiIGCfezMPTtjgyk",TNT,XS,Cobden  Crossroad,Turquoise,368.244684499584,USD
4727afd5-7f3d-459a-ad0e-65d97e671955,23,"https://facebook.com/qVsKTYaNovyFtfgl",Koton,,,Yellow,444.50363608265,USD
10327919-e37f-4543-b423-a4e085fc1b84,157,"https://facebook.com/vyCOqOTCBtDetBdS",Hamilton Shirts,One Size,Chester  Tunnel,Peach,604.025701301431,USD
69434ba5-ee56-4a39-90d4-8bbf32f22a86,422,"https://facebook.com/YTMXPriKLSWdGoIE",Brooks Brothers,XXL,Bede  Boulevard,Gold,624.431243001931,USD
bad6331d-7c30-4954-9468-274f75fc0b27,280,"https://facebook.com/qUliBOfQoOanbSBh",H&M,S,Erindale Vale,Dark Red,799.909396157339,USD
c4df9c05-7732-4438-9412-467d7aaf7c96,995,"https://facebook.com/zeueHwgabMmiCKFD",Levis,XS,Chalcot  Street,Apricot,624.277070235371,USD
3095cd44-e816-473f-b71a-41181e516adf,842,"https://facebook.com/GFOavNoRMvcNomib",Nudie Jeans,XXXL,Bempton   Avenue,Cadet blue,482.323445781532,USD
efe343d2-9a20-475b-b838-d9349238758f,836,"https://facebook.com/LJdWnSnyCEgywPaG",Six Deuce,One Size,Battersea   Hill,Carmine,693.471881455743,USD
bb69c23a-952d-41fe-a9aa-be63440f9290,602,"https://facebook.com/EFgaDHhIeqRplByR",H&M,XXXL,Rivervalley Route,Rosewood,820.473011894153,USD
5d7d5f6a-7c67-4b12-8591-1b3eafb1ac3c,310,"https://facebook.com/yFheymryUKgaNEVc",Forever Lazy,S,Baynes  Drive,Mauve,174.348991795387,USD
47936604-d901-47ea-bde1-c0a135cedbbd,750,"https://facebook.com/abwDyIqkdIYYIOHm",Koalapop,S,Lincoln Route,Yellow,680.92153966867,USD
288032b4-68db-430f-8403-05520a40390b,416,"https://facebook.com/tHLnnySsQoLnmite",Real Gold,XXS,Bethwin  Hill,Dark red,789.023933626504,USD
f4a10a2c-cec9-408b-a230-4dc3080e34b8,864,"https://facebook.com/TIzMHmvoQHrMjPuj",Countess Mara,M,Zealand Tunnel,Gray,291.931914009835,USD
be58e836-df89-4d4b-948d-32c7427ad7a0,936,"https://facebook.com/VfizWJzxjGcxlmky",Baby Gap,S,Cliffords  Vale,Silver,546.211104162383,USD
b0d8e4ef-5aea-46c8-9ff9-b6ca2a47d4b7,679,"https://facebook.com/AFRsPcwgmqtsiBgs",Ecko Unlimited,XXL,Shepherds  Avenue,Peach,573.181701355014,USD
c95a3f2d-e9d5-4d08-9697-8092d6afca1d,766,"https://facebook.com/PXuixghNcftfXjtq",Ecko Unlimited,One Size,Coley  Hill,Emerald,236.511077104621,USD
7163d8b3-771f-4429-bf74-7f4c8cb71e3a,518,"https://facebook.com/tpRBXvcKBFRhqLeo",Angels Jeanswear,M,Yoakley Boulevard,Capri,643.00600695309,USD
a11f43a0-2ef7-4a35-90b2-dfd870df0609,2,"https://facebook.com/nZKMqTnAvoguRrTj",Forever Lazy,,,Gray,555.391335999091,USD
6ad27540-7b89-4486-97e9-2b22b966b1cb,485,"https://facebook.com/sndJDEUrWkHGfzCk",Old Navy,M,Tiptree   Street,Lavender,100.975103060484,USD
41a57dc9-4072-4ec4-90d6-d06cf16087f8,785,"https://facebook.com/RfRMtXkTsqnPsOsB",Karen Kane,XXXL,Addison  Alley,Azure,544.767967954417,USD
170f4f37-7e66-45e5-b80c-12db5e6425aa,141,"https://facebook.com/XXlJHRILCVMBhpWF",Rip Curl,XXS,Marina  Lane,White,296.967592722968,USD
42c43161-0e35-43a2-a58e-05b360139278,89,"https://facebook.com/vZaXQCwhXYiWZWRH",Ecko Unlimited,,,Emerald,482.264003119801,USD
7a6a1e77-5364-4fa7-bd7d-5e87dc8a91a2,664,"https://facebook.com/gYLbQnpPOSioZqLb",Rip Curl,XXS,Angrave    Avenue,Azure,583.078006148621,USD
b0eba333-b4ad-42b8-9aa2-0af551fc1837,516,"https://facebook.com/mkUczpKJrOQwqzcy",Tommy Hilfinger,M,Bicknell  Crossroad,Red,642.185835716648,USD
acf94712-cc70-4ce7-861f-d4feec28df53,737,"https://facebook.com/MJZufgOiMiEYcnxY",Guess,M,Zealand Street,Cerise,391.04388889604,USD
bb154f13-8592-4cc2-b759-d82a65600af8,542,"https://facebook.com/nsZLuzSWyCNGWjPX",Dollie & Me,XXS,Linden Walk,Gold,27.226071803717,USD
c46ccef5-e3f1-49e7-a99b-21fdbf4583ff,419,"https://facebook.com/GRfHjSnksqUUErDM",Avirex,S,Clifton  Street,Black,615.155833516589,USD
4ba48155-2846-4e0a-bf82-4acfb5431a97,535,"https://facebook.com/fcLEHtGOCVRQGWia",Andrew Marc,L,Carltoun   Pass,Yellow,224.451256592284,USD
24d4272f-08c9-41d7-9c8f-9031333f4a91,98,"https://facebook.com/ucJSTdbcTZBoMtci",C&A,,,Gold,768.236471205841,USD
750af503-80ee-41bb-8fae-b8b75044e973,782,"https://facebook.com/GsFBySmlDvxmXNnP",C&A,One Size,Dunstable   Avenue,Yellow,562.14878484778,USD
1292f34a-324e-4358-b727-66d7742b9364,255,"https://facebook.com/ZhyxIBEJWEmNneuK",Bujo,XL,Castlereagh   Avenue,Camel,382.366894465358,USD
1571b75a-9935-4a1a-9b32-d07ec76c2f1d,274,"https://facebook.com/TELUCkYumVdouLyr",Rip Curl,XL,Monroe Avenue,Peach,859.988041581827,USD
6ddbf377-cd7a-4606-8908-28deedfb4541,729,"https://facebook.com/YCALIxbAdhuIPJWl",H&M,XL,Ely  Route,Green,889.673210085464,USD
30795493-bcbe-4e8a-923b-cf72a6826ddd,531,"https://facebook.com/jhmIvOYGMqhhPAym",Countess Mara,M,Castlereagh   Alley,Sienna,305.405009921144,USD
ab3c0773-7556-4ffe-80e7-989e2093f327,529,"https://facebook.com/WQULSQOFpPPDpYtV",Bujo,XXS,Cobden  Hill,coral,494.325926580399,USD
61f9cc51-c5f8-44c1-a497-8b601d735dda,879,"https://facebook.com/KUJMfXPXHKCpcHRb",JNCO,S,Cliffords  Alley,Orange,136.108337980992,USD
a7e5b902-ab4d-4c66-a1f1-9a6ca524113b,433,"https://facebook.com/zDEQlNYfCKqxuHrn",Merc Clothing,XXXL,Birkbeck  Boulevard,Turquoise,474.3090250035,USD
ad2d584a-6bc1-4a37-8a89-66ed4d206276,648,"https://facebook.com/hLKszetmXkScFEju",Nudie Jeans,XS,Liverpool  Boulevard,Orange,394.432962811069,USD
b203eb54-c014-4317-b4b9-8ee091e13298,483,"https://facebook.com/nliWgrCmrikmWIoi",Angels Jeanswear,XS,Blackall   Walk,Ultramarine,628.107069365046,USD
e6aff592-f815-45ee-a03d-c96d01515af4,49,"https://facebook.com/cBaApFpgSSyiIyLG",Ex-Boyfriend,,,Cadet blue,515.930583039048,USD
75738dd4-440a-4ba7-960b-1a60f195e781,210,"https://facebook.com/HZWVGzWyZaXjLUxx",Izod,XS,Linda   Grove,Cadet blue,134.765205371331,USD
d4233e5d-c4e5-435f-be8b-87f0ea2681aa,119,"https://facebook.com/dCvwhGQTLPmnBEBN",Acorn Stores,L,Camera  Hill,Silver,410.223786201213,USD
aa4ea50e-4486-48f6-9ea3-726ebc0010e6,694,"https://facebook.com/oteztXFRODKRTiJF",C&A,XXL,Monroe Avenue,Blue,303.303872016647,USD
ef7009c1-8ced-4c3e-b58a-8fc41ea5a0d6,343,"https://facebook.com/UpdmTaumRkCoTsln",SABA,L,Westbourne Lane,Aquamarine,39.7959199097594,USD
aee4f6cd-9215-4a99-b1b9-eeb1bec51401,192,"https://facebook.com/atYGFVyjBmMeCXKf",Angels Jeanswear,One Size,Fairfield  Boulevard,Fuchsia,232.71715442289,USD
92cc11dd-3a6a-48e7-b0a5-a3d94ce0146c,363,"https://facebook.com/ZEXbZFGLYOlxTvLO",SABA,S,Cecilia  Drive,Cerise,491.369046973018,USD
78069cc5-33d8-4685-967b-7180fbd519fc,417,"https://facebook.com/koWmfFKLrFmhdnPw",Koalapop,L,Blue Anchor  Alley,Purple,818.902216049112,USD
81b0f720-edf4-4767-91b3-4741aa4808ee,85,"https://facebook.com/IZPjsVuXYAVgcrpn",Healthtex,,,Rosewood,607.532609193149,USD
04d052bf-ebbf-4fb6-adac-28deb187300e,814,"https://facebook.com/fBzlCqKlNuUBjECA",Mataano,XXXL,Thomas  Boulevard,Magenta,899.98402846256,USD
1db448f4-f285-4c3b-b955-f4aca897fed9,354,"https://facebook.com/jskwuDkRaJnqGaPQ",Ethika,XL,Biggerstaff   Grove,Dark red,224.719617667724,USD
f2fd987e-adf2-4b0e-b18c-a1aa76e1da6d,852,"https://facebook.com/jZaisXmslHEUpIQK",Forever 21,S,Longleigh   Pass,Auburn,583.336868437411,USD
1102028d-04d7-48ce-8144-8d532616c9b9,118,"https://facebook.com/TRhKeBcXtsbtFHHj",Koalapop,One Size,Dunstable   Boulevard,Cadet blue,618.028596050366,USD
15226549-6650-49c0-bb69-0bcb622709e7,923,"https://facebook.com/TCIrUpoBbzfxTpfG",Calvin Klein,XXS,Garfield Pass,Rust,53.3478686250177,USD
eb84637e-16b5-4cc1-bbdb-f7e4fe43ac4d,168,"https://facebook.com/KgOPjOcLcGVNGsPd",Loyandford,XXL,Beatty  Alley,Silver,705.031499985401,USD
b3007ee7-8cde-4b89-a780-d474c8036550,956,"https://facebook.com/bpGyWSyVxqoAEUlE",Nudie Jeans,XXL,Blomfield  Street,Azure,394.295267790475,USD
78adde64-162d-43be-9ae9-872154472556,80,"https://facebook.com/KawKTTqKvcrsPggF",Ethika,,,Dark Red,717.716828329604,USD
e1a8526e-fea9-4cb8-8b67-5c1574cce0a7,276,"https://facebook.com/GKxkynDXiFQETlEf",Cherokee Inc.,L,Callcott   Route,Capri,83.867307309712,USD
6367df77-6028-4f50-ab6d-028437bddc64,277,"https://facebook.com/dIJLxpaXxfwFMoKm",Six Deuce,L,South Boulevard,Aqua,208.287324746054,USD
c3877b58-829f-4bbc-a0f6-26d9ff9aca2d,902,"https://facebook.com/DiEnzkvIsZzuIXlH",Six Deuce,S,Viscount   Grove,Peach,642.836986818987,USD
f7eec75f-47c7-4e56-b5a6-fbbfb954b4e3,519,"https://facebook.com/jrdbLqUlCJmBJQsS",Nudie Jeans,XXL,Ashley Hill,Green,330.024823945274,USD
ebf0c889-0ea5-4dcc-95b7-0c5c74562272,789,"https://facebook.com/HAjGZZfkKkCNTdQb",Angels Jeanswear,S,Balfour    Crossroad,Aquamarine,602.001728871154,USD
5f86a5f1-1243-4b2b-9f69-5f4fdf0bb8a0,614,"https://facebook.com/phLeztmZyPkcknlT",Avirex,M,Bletchley   Alley,Champagne,93.0179136723969,USD
24e080f7-ef5d-4ad9-89a0-4856ba05de02,833,"https://facebook.com/ZhjTvcDkzuGtcZMb",Mataano,S,Rivervalley Way,Aquamarine,672.910846385379,USD
abb3e366-b269-4910-886a-9da78720d949,759,"https://facebook.com/FZAZxgxmPgiMKzcU",Max Studio,S,Marina  Walk,Rust,453.369685246562,USD
1bcb12b2-5d3d-44ca-bbca-c43192177cd4,948,"https://facebook.com/zLQCwVdderHOTMCV",EMEL Fashion,One Size,Longleigh   Vale,Dark Red,713.187200471162,USD
b94e8502-62bf-404c-adf4-0ba3da4afa8d,530,"https://facebook.com/OKqCOgeYesFflJos",Ex-Boyfriend,XXL,East Walk,Azure,145.36160173588,USD
e2fed981-eb14-4052-b2da-b91c01c4ea36,809,"https://facebook.com/ZyGJgozuSEDAeBAP",EMEL Fashion,XXXL,Linden Street,Brown,691.159976000753,USD
0c4ba7e9-bfa6-4d11-81f0-7bf30ae54032,973,"https://facebook.com/jftrQfrrkUICxKwA",Columbia Sportswear,L,Woodland Drive,Red,807.782011243194,USD
d715aaf1-b55a-4484-9dae-28322bccc3f5,657,"https://facebook.com/elsyAyafmxbkfVqB",Angels Jeanswear,XXXL,Magnolia Rue,Carmine,667.865706509629,USD
d852e56c-2d70-4c5d-b162-9b533a444d33,317,"https://facebook.com/bnaLIlKcdtFCzkaV",Ecko Unlimited,XXXL,Fair Way,Pink,60.5657098424135,USD
fa6cc3f9-4290-4bbb-88cd-e77338993157,455,"https://facebook.com/CjngzjHNRUgBgrcs",Merc Clothing,XXXL,Ampton  Boulevard,Azure,860.036046781841,USD
1cd5b6f1-d9d6-4f67-96ad-05dd6fe50c9a,927,"https://facebook.com/MlmtQPdyOVLkCkZk",Guess,M,Chartham  Drive,Purple,743.220586533542,USD
966b739a-1c85-4187-9bc6-f6e5081d3fec,659,"https://facebook.com/duFQQrTCbdrhqDZx",Dollie & Me,XXS,Chartham  Tunnel,Maroon,69.4035287988063,USD
33703c92-86c9-4afc-993b-6444bc029784,946,"https://facebook.com/WkSkMNmatdpOSdSJ",SABA,M,Sundown Walk,Brown,280.713946946079,USD
de9b507f-20d8-4257-9ace-153171c874ae,443,"https://facebook.com/zloPDsNspTzcJcIc",Andrew Marc,One Size,Gate   Vale,Maroon,148.952370767706,USD
9c2fbd52-dcc7-478d-b0cf-897ce05ef234,620,"https://facebook.com/qWGXHFtqyRhsOKnn",Tommy Hilfinger,L,Western   Tunnel,Rosewood,297.98430405162,USD
0e76df2d-43b6-4cf2-a05b-769b49f7070c,572,"https://facebook.com/RrlhHRIYDanIgwUA",C&A,XXS,Clarks  Drive,Fuchsia,160.307405570912,USD
d6b68804-264d-4d66-892a-1e510763f48e,125,"https://facebook.com/QzvtHBwIrWReSvdg",Cherokee Inc.,XS,Cheney  Avenue,Maroon,83.0565881024052,USD
d6c4e612-8b75-4c1f-897d-fc257f8535ad,347,"https://facebook.com/kQFKCqgBuPixCHkJ",Columbia Sportswear,XXS,Bethwin  Avenue,Camel,222.626399133427,USD
61eaf428-962e-4659-9f65-37afa9415062,365,"https://facebook.com/FCMhzGnLSzRXckib",Izod,M,Vincent  Way,Olive,645.164255558836,USD
4f882159-ca43-4e88-a236-a9cbf6643258,513,"https://facebook.com/eOOcfRXmefarNklR",Calvin Klein,XXL,Durnford  Vale,Auburn,540.828685497566,USD
2a67dab4-3d52-47cb-b3a0-efee631af849,12,"https://facebook.com/FezoghlBboBiFwrJ",Nudie Jeans,,,Orange,249.737984066488,USD
637a47ae-f49c-4415-9923-12cfe01cdb47,689,"https://facebook.com/uuhUPhBthiUbbtIt",Countess Mara,XXXL,Beatty  Boulevard,Cerise,710.307555196731,USD
4922ec6b-524e-4206-bee8-8965b7b53ba1,604,"https://facebook.com/UBPslPWgualvThQw",Cross Colours,XL,Bel   Rue,Gray,434.498350540189,USD
babe96e9-b587-48a3-8e9c-db0cb3efb95c,841,"https://facebook.com/SCRnGeQhQbgzhwaZ",Koton,M,Catherine  Tunnel,Beige,406.098734648725,USD
1959db3f-3713-46ef-b61a-157d9bb598c3,501,"https://facebook.com/CeCTrCgwLZumGrpU",Rip Curl,XL,Canal  Alley,Yellow,451.890578419632,USD
1248b3c3-653e-4544-8cfa-d01cba072177,744,"https://facebook.com/czisQIcBlYMUtkfb",Levis,M,Abbotswell  Crossroad,Pink,43.5582348769941,USD
d0e7d5be-3091-452b-941c-0dba661e3058,462,"https://facebook.com/RGfgIrXMKOSZnxof",Lee,One Size,King William  Avenue,Sky blue,219.101485526018,USD
c3cfac97-8a55-4f78-96b5-d1b44f72b505,738,"https://facebook.com/ICAvbqzDDFBKnipo",Baby Gap,XXS,Blandford  Route,Capri,823.69206003762,USD
bc5ac9a7-b575-4015-a41d-c55854240891,244,"https://facebook.com/AfZholnJRAvjheJw",Marchesa,XS,Virginia Tunnel,Amethyst,321.290822040206,USD
20096238-b88b-4259-b137-d9053e59b747,253,"https://facebook.com/ZsvNbVQsgIcbSRgz",Forever Lazy,XS,Wadham  Walk,Capri,266.93258487967,USD
069f0367-6195-4e4f-85ce-3192b26fbf09,787,"https://facebook.com/QdNLTDhYmpaEdfSf",Izod,L,Bayberry Boulevard,Blue,261.758258081176,USD
95aa3181-89f6-435e-8780-616d780cded4,279,"https://facebook.com/vcFPkMAxICWbGZZu",Max Studio,S,Victoria  Alley,Rosegold,96.3956499430005,USD
0b9c6265-0f97-4048-a8fc-c83082dcd560,140,"https://facebook.com/DyEkYMObiMeQNXjc",Guess,One Size,Thorndike   Alley,Silver,92.254560361516,USD
6c203b40-15f2-4ca1-a5af-eb5729554222,469,"https://facebook.com/ulVBHciwXovZRyrc",Karen Kane,XXXL,Cedarne  Vale,Cadet blue,370.486030394685,USD
17ecbb65-3e16-4c52-b344-e256915afaaa,296,"https://facebook.com/aKWoYTFmYHKkRwve",C&A,XXS,Canning  Way,Ultramarine,335.027409589643,USD
b0597cb3-224c-4add-a3e4-678997631e2e,256,"https://facebook.com/RTHMxQyKxRetVYlF",Koalapop,S,Sherlock   Road,Amethyst,29.0765859873996,USD
031983a4-7ba5-4680-a4d8-a86fc2bcc5d8,652,"https://facebook.com/ODmlriuvjrNahdym",Converse,L,Gautrey  Grove,Green,554.39967357038,USD
f8115e27-8130-4271-8abe-3bb9773d9bdd,454,"https://facebook.com/JpYnSOgSurIiSxAl",Tommy Hilfinger,M,Bacon  Avenue,Auburn,500.327470532086,USD
edf7954c-8f39-41e0-a2d5-58195305b72c,813,"https://facebook.com/IaiHiALyFStEsIgZ",Converse,L,Falconberg   Hill,Cadet blue,677.84439490427,USD
2fd67657-9695-41e9-8c4b-f1ff9a31a527,974,"https://facebook.com/vUdmsjJHjlGYWFlw",Avirex,XXL,Boadicea   Alley,Cyan,317.301151891626,USD
cb652459-26a1-4d69-a396-8fa51f163d3a,911,"https://facebook.com/SmYSxdtlpQckHdqA",Forever Lazy,XXXL,Coley  Tunnel,Orange,474.179612061805,USD
14172c22-a512-48cc-971c-649345bee542,600,"https://facebook.com/DOfgJvToYRBYpDua",DKNY,S,Lincoln Rue,Barbie Pink,143.936186047488,USD
a6b773e1-26aa-45b9-9572-f11dd063d4c7,55,"https://facebook.com/oivTfkFLMrsSebJO",C&A,,,Magenta,620.978749393257,USD
da1536be-1cf3-47b9-aea9-a432c3333f0b,488,"https://facebook.com/HfOPhzybaPlOzaNP",C&A,XS,Beaumont  Hill,Cerise,166.483176819055,USD
bd5745d1-6962-4e64-99a5-ba937aa231fc,448,"https://facebook.com/xVyGFhOYFwxTJGnU",Koalapop,M,Chelsea Manor  Walk,Green,405.251538291937,USD
4f5e33f1-8286-4486-b809-f02699aa46f3,115,"https://facebook.com/HnldGfYzISqNdVBu",Lilli Ann,XXS,Chamberlain  Tunnel,Emerald,729.796094841476,USD
b15014b1-99b7-437d-83b1-05a03ba86a0b,544,"https://facebook.com/efGrVsoFYgVbOhCN",Real Gold,XL,Aspen Lane,coral,716.210245823832,USD
771055d5-fb7c-45ee-8cad-c911aec27ae8,568,"https://facebook.com/nOaWwilLlROZdkgE",Avirex,S,Beechen  Route,Champagne,578.753119702117,USD
50c5ec84-e898-4dcc-856e-ad536eec6937,474,"https://facebook.com/RqhxDMmDaLZvHVQq",Ex-Boyfriend,S,Canon Drive,Ruby,306.501964117881,USD
578e84c7-309c-4c36-91fc-9c297579912c,622,"https://facebook.com/wTIlFhAStjnRjAfn",TNT,XL,Lincoln Vale,Cyan,854.802737711152,USD
c245703f-438f-475a-b58a-9cd02992ca86,849,"https://facebook.com/lkZLQhqpGuviONEq",Columbia Sportswear,S,St. Johs  Avenue,coral,103.34892942937,USD
6bc8330a-27d2-4389-89fe-9b93e1b91ef4,112,"https://facebook.com/BeqwxRWZvVYoymbY",Old Navy,XS,Blanchard  Hill,Azure,412.630700519383,USD
3d071764-f7a2-4c55-89c9-28b5c909d54a,767,"https://facebook.com/IRkvGPFCNxqWrMyn",Izod,XS,Blackheath  Pass,Beige,342.00472239197,USD
ba4fbaf6-f8a1-4a17-99a3-140d655a74c8,962,"https://facebook.com/fdWNKuIBEhLaEzfj",Nice Collective,L,Yorkshire  Road,Brown,606.305488274356,USD
8161d170-4d1d-4f6b-a613-2fbb7a0e9d89,148,"https://facebook.com/LWByLoceSUmycIUJ",Six Deuce,XL,Canning  Walk,Yellow,224.308906945791,USD
65364b66-8816-4394-a571-88be5a407caf,117,"https://facebook.com/QRsmiRxRbUOnHKgS",Healthtex,XS,Cephas  Avenue,Ultramarine,151.506932542211,USD
c5aaab41-55d9-4e7b-9422-86dee09a8dbc,992,"https://facebook.com/iZCfiTryHKlWJOOJ",EMEL Fashion,XL,Capeners  Alley,Aqua,692.949302382525,USD
d802f214-c51f-4623-ba30-24c8ea9b2baa,930,"https://facebook.com/xeSfCacXWdQYKYjM",Converse,XS,Sheringham   Way,Maroon,609.503089804218,USD
babcdf8c-f8f0-438c-82f2-c1614e932368,772,"https://facebook.com/shmAXDcIlTJDhmdL",Columbia Sportswear,XXS,Carol   Crossroad,Yellow,178.030540841427,USD
4a477f24-40de-43fb-94dd-8093d2536c4c,173,"https://facebook.com/ZMLZxmUmMkhObMvi",Converse,S,Pine Walk,Magenta,544.601730645696,USD
3686de71-5fcd-44d1-8770-29abf1bf67cd,368,"https://facebook.com/ASoTcOzxVgSMSGha",Brooks Brothers,L,Lake Walk,Magenta,423.409999660188,USD
67348050-fc4c-43f8-97d7-25486bb140fa,399,"https://facebook.com/lnBZgjFFewMziSLH",Acorn Stores,XXS,Linda   Pass,Salmon,814.347960978224,USD
2f2e8c5a-a101-4e9d-8c01-65856782aeef,356,"https://facebook.com/SioBnsbBcAPMhCUx",Mossimo,One Size,Emily  Tunnel,Red,472.441857255982,USD
2f3633ef-3a5c-410e-b7a9-d40d82374711,188,"https://facebook.com/hEEyYnsKWQoWLdGJ",JNCO,S,Bethwin  Drive,Rosegold,623.561676560013,USD
c5c1a0f5-a6c0-426a-b27f-8c6633800299,522,"https://facebook.com/AeVTasbiHLtnDnCA",Marchesa,XXL,Ayres   Street,Amethyst,435.92875749546,USD
a92b0926-7685-4a2b-a216-6ee4dcdf2196,150,"https://facebook.com/UvmIygfZwczpROnr",Forever 21,XXS,Caldwell   Drive,Green,808.358012877353,USD
e10e5760-1d14-459d-aba3-31bf4cfe5d11,706,"https://facebook.com/BattXIZoGLnXntnV",Max Studio,S,King Grove,Red,398.970528502716,USD
9d7371f0-1f03-430a-87df-668976273834,325,"https://facebook.com/JwzJXVCqogbYFZjm",Six Deuce,XL,Norland  Way,Gold,195.043949670891,USD
92ef3257-3fa6-4f6e-b817-2382766cf468,788,"https://facebook.com/kNChevMyhYmYnztP",Bujo,XL,Emden   Way,Pink,574.705620884074,USD
eb608b99-13e0-40fb-b1ea-1412b03f496e,574,"https://facebook.com/iGKwwnVLUxkLSqBB",Converse,S,Blackpool  Grove,Yellow,866.124200565579,USD
8359ae4c-2707-4cd2-9221-8f75a2b9663b,72,"https://facebook.com/OEFgqnHraaWhiPAD",Mataano,,,Emerald,22.4836928835202,USD
bbbe9f35-eb55-4bb5-8815-f2b6b977c80a,924,"https://facebook.com/ClEZxKpMyeuWHIwL",JNCO,S,Blean   Grove,Orange,382.622467315361,USD
ec4ecbfa-79c9-46a1-b612-38648f102473,254,"https://facebook.com/sulsBaXWUOtvlTos",Nudie Jeans,XL,Parkgate  Avenue,Lime,527.696113881295,USD
22527196-df93-47d6-a80b-426747eeb459,905,"https://facebook.com/LMVIaWkyBMFLZIAp",Loyandford,XS,Elba  Crossroad,Rust,78.3965205917724,USD
abdfcad9-e8ae-4aa0-b881-02b861020d8e,403,"https://facebook.com/BtZFJyceWLtbpbmI",Tommy Hilfinger,XL,St. Jamess  Way,Aquamarine,310.165503355533,USD
8d5fb502-8a7b-40cf-b61b-f93adba7612f,51,"https://facebook.com/vaUILhobLtRGRBkN",Guess,,,Lime,441.104367059485,USD
e0b7460f-7531-496f-b2d7-215960475986,678,"https://facebook.com/oYcSHBzVJVsdmaXq",Brooks Brothers,XS,Dyott   Route,Turquoise,508.099938785485,USD
14924dc5-7395-486d-9e58-21af6e526976,237,"https://facebook.com/dQkGMDiLVLcBpYVb",Koton,XL,Wakley   Route,Rosegold,328.915088069367,USD
dd30a2d1-18fc-48ff-b0f8-f36b6923dd3e,745,"https://facebook.com/USxNqgdOwRCxlIwE",Rip Curl,One Size,Bempton   Lane,Magenta,564.253995404012,USD
1449236f-a7d3-4306-9578-bdec4e9c0017,73,"https://facebook.com/RMuYHuyaDRbniCHF",TNT,,,Magenta,241.431504606251,USD
5d5d9af9-b3f8-4793-854e-6873edd13311,444,"https://facebook.com/mczaTbSclqNsPeoY",Columbia Sportswear,XXS,Apothecary   Pass,Auburn,871.332474523626,USD
4b8d2ba8-9432-4128-a631-adf31d9cabb9,315,"https://facebook.com/QWfDbVMbhNqcPCjj",TNT,M,Fawn Pass,Rosegold,446.639067779374,USD
50df97df-1971-46ee-b319-ed7d822cbf8f,635,"https://facebook.com/cqhathoMbnkukGuu",Levis,XXL,Babmaes    Route,White,893.385974384805,USD
c2e66205-8cce-44dc-9a2d-e5dee243957d,534,"https://facebook.com/vtKOoSbwvyeegWOJ",Karen Kane,One Size,Rivervalley Hill,Champagne,66.1037145539344,USD
c8e54dda-1c74-4d70-981e-13edc8cb7843,241,"https://facebook.com/ZZCUtTvhMLYrJAYH",Healthtex,XXS,Spruce Grove,Gold,402.865937313715,USD
b525307b-084e-4a17-b55f-68ee04ce4b35,665,"https://facebook.com/JjerJcdntbztukEd",Ex-Boyfriend,XL,Armory  Rue,Gray,661.064543633067,USD
caa1a9e7-2852-474a-bab7-c0db353ee656,808,"https://facebook.com/zKmXIkoGOPHvPIYg",TNT,XXS,Oxford Walk,Silver,715.423614506122,USD
f73ad6ca-d2a7-4fc2-8afe-42d17e335c95,174,"https://facebook.com/FjtBWPwqBicABHJj",Mohito,XXS,Bendall   Rue,Olive,118.243323415878,USD
df3a48f5-a2d8-4a7e-ab08-78885fbd311b,562,"https://facebook.com/ikfiKSEHRMwUmrbG",Old Navy,M,Wakley   Pass,Aqua,224.19149310967,USD
206a4080-a087-4c71-a6c5-9f7eeb0e9a27,223,"https://facebook.com/JDpzYbDQqksPouUw",JNCO,L,Bocking   Street,Dark Red,637.002832296087,USD
4e678874-bcd4-4067-a5de-a10bc424d0cf,58,"https://facebook.com/NmEqekuXxtCQTEnD",Mohito,,,Dark Red,419.342046372533,USD
1f28ec7c-7aac-4aee-9921-b1e51a7203f0,203,"https://facebook.com/VvJOyZJGCSWEiuTO",Guess,XXL,Union  Grove,Brown,47.5755150733076,USD
07a7e6f5-d001-41c6-91d7-59d414891254,466,"https://facebook.com/NfODQDDPIKbYVcpe",Old Navy,XL,Camdenhurst   Route,coral,228.811279637432,USD
b1ff1786-644b-4439-9fca-a7b99a73faa8,371,"https://facebook.com/IYbkNoVcphjAfoAc",Brooks Brothers,XXL,Commercial  Grove,Orange,884.740692166738,USD
0f76c13a-00df-4297-bda3-55c022a45645,718,"https://facebook.com/kldJbVNCihNqdiSF",Andrew Marc,M,Beechen  Road,Azure,430.529938973514,USD
add35410-2242-4ebd-b255-93fe4d97f0cd,939,"https://facebook.com/vCdRlluZuhZPALCL",SABA,XXS,Sheraton   Avenue,Black,536.366110812359,USD
c47a28fa-87e5-4007-a1d1-48ab37507190,289,"https://facebook.com/DmRremMVChleGOZw",JNCO,XL,Fairview Tunnel,Lavender,270.020182549744,USD
8f20cf5b-a8ea-4350-b6e6-a440c363b8d5,470,"https://facebook.com/HmqZIZmPdqmMimtL",Countess Mara,XXS,Dunton  Grove,Cerise,365.43870779498,USD
a9423972-9176-4533-aa74-8cd5dc1d34ad,142,"https://facebook.com/AjMaIxCjfAlIkwqw",Nudie Jeans,XL,Blenkarne  Way,Beige,160.783693561011,USD
561bf5df-c730-4120-80bb-80eaf8ead2ae,589,"https://facebook.com/vjorweMiGLeCeTFc",Forever 21,M,Chesterfield  Crossroad,Sienna,553.654643104963,USD
bc9f3c14-4963-43b1-9946-adc8d61f34c1,509,"https://facebook.com/NYuNsABmgvYOhqdX",Forever Lazy,L,Cingworth  Crossroad,Peach,316.716596329234,USD
749766a4-bba8-4f54-9154-6d90d16d7221,145,"https://facebook.com/lgyBhTZpvyCRklqM",Rip Curl,XXS,Meadow Drive,Fuchsia,677.887908981842,USD
8dad6f04-0b1c-4988-8207-55d3b59cbc02,764,"https://facebook.com/DyzFZMonRaqqLJZS",DKNY,S,Coal Wharf  Hill,Dark red,291.184403738805,USD
53405ca1-c0a4-4630-9c9d-986787090f80,156,"https://facebook.com/mcMoaVfHJnKJTJEN",Lee,XXL,Thurloe   Boulevard,Auburn,686.14644261062,USD
3f922751-e635-4624-ada2-5f712890691f,523,"https://facebook.com/JIUaSDdfiOyXjAha",Bujo,L,Birkin   Tunnel,Pink,454.701259244341,USD
062e4d89-9833-4177-b1d8-b1d201de54b9,655,"https://facebook.com/ccqDfTachjhfOaPl",Cherokee Inc.,XL,Cadogan  Vale,Lime,74.5835083360381,USD
917900fd-a35c-40f5-9a96-917f959f02a5,26,"https://facebook.com/VmrlZHzRoBDwbAkz",Merc Clothing,,,Azure,481.371889698273,USD
e94c5900-c0c1-4232-b577-cc2acf0605fe,926,"https://facebook.com/bsBzQyzaMCEKFeDF",C&A,M,Blake  Walk,Salmon,784.562504824294,USD
4c3632f3-5c83-4470-abcc-3e56fb131d5d,442,"https://facebook.com/iKmJHFusNjIbfXyw",Izod,XS,Cleveland  Boulevard,White,756.156966262351,USD
53561ea5-4007-4c5b-abc1-4cac9bb69da9,670,"https://facebook.com/CdJCHqlrfRhjPTZX",Six Deuce,M,Bolingbroke  Way,Amethyst,393.733093715395,USD
0e1743e2-8085-4971-a3c7-773d0d3cf200,107,"https://facebook.com/JvoBELYZHSowEkYD",Healthtex,XXL,Mariner   Street,Green,756.996044992714,USD
40b4afaf-2f83-4abc-aec6-91cdb6e05234,122,"https://facebook.com/tATTUuJQmPyvnIEX",SABA,XL,Aspen Way,Cadet blue,769.810269782012,USD
619c2641-6e98-40a3-bcf0-790bfca8d0c0,84,"https://facebook.com/OMlzEltkWueeiJak",Lilli Ann,,,Red,831.304711260756,USD
59f0f62d-e6f8-4dd2-a126-77a3f143e352,384,"https://facebook.com/EUWmArjCpcXiUHkG",Lilli Ann,XL,Apollo  Drive,Sienna,847.481479081331,USD
c60ee6f3-f87d-4bd1-ab3b-c6a4a7d5a268,447,"https://facebook.com/SPCSaYzpPLEQbnnC",Andrew Marc,M,Union  Road,Aqua,694.053265947655,USD
3aca0b08-dc78-46c9-b61f-e4eecccf6e93,968,"https://facebook.com/TCctaMwDXVjzvWZk",Rip Curl,XL,Kilner   Road,Peach,626.942836808727,USD
ff827b3e-5725-41a0-b655-a2cd522116c9,60,"https://facebook.com/iQbKYlfWYwQyETmW",Forever 21,,,Aquamarine,510.910293813069,USD
698637f3-f03f-4b08-93d9-e0d9d63944bf,791,"https://facebook.com/YYYNBqRvEQylgIAb",Countess Mara,XS,Rivervalley Way,Rosegold,648.755455417691,USD
d3c55096-257a-4c0f-b45c-5b0718378a08,154,"https://facebook.com/VFkORmTDZWFRHSlG",Calvin Klein,XXXL,Fawn Hill,Red,413.793196584249,USD
beacf461-1f0a-4638-9407-89b7e19ca2e8,18,"https://facebook.com/mkmJQiqJrmylZtGb",Calvin Klein,,,Apricot,454.834444268311,USD
27d68202-34e3-4060-8bd9-4679b5bc9814,549,"https://facebook.com/pJewcWvfcugQCSdU",Lee,XXXL,Fawn Boulevard,Green,309.798281076051,USD
e2c3eee7-63be-4f0a-8daf-c0f8bb78a9d7,86,"https://facebook.com/AFkxzOsgJDEtEFJh",Old Navy,,,Green,250.254913042665,USD
34e67b30-7e21-43ce-8f08-3382fa1591aa,643,"https://facebook.com/qZENpbklMPRvQPdC",Izod,XXS,Parkfield  Alley,Camel,801.023254570809,USD
48c1b1da-dad8-4b23-9032-0936b26492ce,78,"https://facebook.com/VwZgHoVmmFXKJnyH",Calvin Klein,,,Lavender,383.468830595258,USD
44e6ebd9-a661-42df-9e1b-a43f764eff16,983,"https://facebook.com/eUEAMSQoPzKybQgy",C&A,L,Bishop   Vale,Maroon,26.6273958930547,USD
d603dc45-272a-4eed-b3d9-0585954a3545,869,"https://facebook.com/DWOWNpVChAwDtmBe",Calvin Klein,XL,Durham Way,Turquoise,428.76981636011,USD
c428d33b-8990-4f1a-9ea3-745ec0d6bb08,915,"https://facebook.com/hcUnWZQVhLGKyDto",Cross Colours,XXXL,Egerton  Tunnel,White,352.708186720609,USD
45342793-2019-4572-b352-39528ccb3c03,959,"https://facebook.com/mpThXmGAgAlDljUh",C&A,XXXL,Caslon   Tunnel,Ruby,826.484574676964,USD
8705a25f-a9f2-4825-8aa2-9eb548a97316,391,"https://facebook.com/RaLtEMKkgIyqUBTX",Koalapop,XXXL,Woodland Hill,Aquamarine,579.680218408913,USD
f2b1af80-e114-4736-bd1e-04e96dd68eb8,880,"https://facebook.com/BjhVzAANxMdPafBt",Nice Collective,S,Zealand Road,Sienna,280.518294953298,USD
8d19e7e0-5eec-4cad-a0d2-aed36e823008,335,"https://facebook.com/sCeDCuLkSWqZXsjc",Andrew Marc,XL,Calverley  Route,Lime,836.276393731035,USD
357139c5-41c9-475c-a521-2f5aa41a48a9,949,"https://facebook.com/rLrlzeHwbOEPlUex",Bujo,L,Arundel   Way,Black,89.9133514540472,USD
f006bade-11a3-4b6c-bb0d-822f2cadb629,261,"https://facebook.com/NKBzJJawQyaerNRG",Andrew Marc,XXXL,Battis   Lane,Sienna,773.985248966848,USD
c62975ca-f406-4527-a6d5-1cc567806c37,632,"https://facebook.com/EPScppGvVvbnHBWJ",Max Studio,M,Virginia Route,Black,259.495747605351,USD
9c8493ed-b2b3-4acd-ba78-abccad16310d,336,"https://facebook.com/ozkdaEVmNIrftDQy",Real Gold,M,Coalecroft  Way,Lime,168.369223694736,USD
c5e03878-446d-4ada-a992-c0eb8ab666af,226,"https://facebook.com/XlSYBxgWFKVheFot",Healthtex,XXXL,Woodland Crossroad,Sienna,559.353542392088,USD
c5f448e6-8195-4c66-9072-09add3b21105,329,"https://facebook.com/gAAupEesEzUAaIFg",Ethika,M,Castile  Lane,Rust,263.111327607483,USD
f3ce47e5-0f6a-4e84-8cee-5216446159b4,65,"https://facebook.com/cdvDjpkEtUAYQGJU",Ex-Boyfriend,,,Peach,814.293027256533,USD
65106041-b16e-4b26-bd68-e9c0a9125537,877,"https://facebook.com/wnVhlJIgNaraLUEf",Converse,XXS,Linda Lane Grove,Cyan,821.351946609505,USD
fb90c937-49bf-472c-bec0-56df5853ca1a,798,"https://facebook.com/IRfAyFmhDrgcDSnH",Ethika,L,Angrave    Road,Maroon,799.187455302438,USD
fcdb5985-8730-4d00-83d4-427837db4704,316,"https://facebook.com/wVAfRZOmirGuVCQP",H&M,XL,Biggerstaff   Way,Azure,803.979143849346,USD
6a7b34e6-63a5-4279-8b2a-b1b5055edc2f,183,"https://facebook.com/NjBTLCAWlLVHEYaR",Rip Curl,M,Thoresby   Road,Mauve,154.284085580527,USD
5f400306-8bee-4e44-b1a7-a2923075f384,573,"https://facebook.com/sriFBbTCCUsRMqZM",Guess,L,Howard Road,Champagne,836.222763963394,USD
e983f876-374b-464d-942d-1a609e13ee2b,512,"https://facebook.com/VemGvpXjkQDlQFOZ",Levis,XXS,Thrale   Way,Lime,174.71383007534,USD
f27cf15e-d2d9-49f2-9e4b-cd3da1448170,292,"https://facebook.com/XawweoTapYOXPexV",Merc Clothing,One Size,Fairbairn  Way,Capri,93.6124185240559,USD
1e66c3a2-9512-4e40-b011-4eaae31c9990,998,"https://facebook.com/SSFnHtzkCSvRSbQF",Rip Curl,XXL,York Route,Capri,780.18461520584,USD
7f064db5-0625-4e5f-a1df-e6e9f4c40201,30,"https://facebook.com/SSzPjVqxaYFqAPkF",Mataano,,,Auburn,137.855469539941,USD
62542b6c-e03c-431e-b593-4bf54f5c3fbe,351,"https://facebook.com/zCXLpYTIdSqbwRrY",Marchesa,XXS,St. Pauls  Vale,Lavender,452.768515136698,USD
3afc86f6-c063-4fe6-84a7-1e1c42579826,538,"https://facebook.com/oBsqrOgOcQMBRZJJ",Merc Clothing,XXXL,Glenwood Boulevard,White,688.449621755155,USD
94c69ffb-1cc3-41d4-aad5-931b23295d96,593,"https://facebook.com/XcnorRLgLoQVWCzk",Healthtex,One Size,Linden Drive,Barbie Pink,303.057048235362,USD
b2adffd1-6b54-40e2-adbc-7e5e2c2cc2be,88,"https://facebook.com/lJOeGBQgSaOBxqRx",JNCO,,,Capri,777.02919941049,USD
421283ff-9923-4fe5-8398-59e839c105cd,240,"https://facebook.com/nqKCnVISwJXxcnJo",Marchesa,XL,Garfield Route,Silver,412.902377426826,USD
26edfa03-126b-4faa-bcc9-e888bd3289d4,180,"https://facebook.com/XOSyKLeUhZgNOoLV",EMEL Fashion,XXS,Apothecary   Crossroad,Olive,772.969107166631,USD
b0dccf08-ceef-48bd-be33-870eb3ce0146,376,"https://facebook.com/ILQzisRvHRQSUHkC",Bujo,XXXL,Bletchley   Route,Capri,609.65445328233,USD
af4d90e1-cf81-4640-912e-54af57193b8e,826,"https://facebook.com/uPtUZqVhILCHuCje",Mohito,One Size,Durweston   Vale,Aqua,748.361733485429,USD
7b3962c8-c6ff-4140-90fd-97da824579b9,16,"https://facebook.com/ykJHjnlDeInsRnyw",SABA,,,Aqua,131.838244233918,USD
a5a354ae-21bb-4bc9-bcfd-d444a14c14dc,783,"https://facebook.com/DSHjdckHNpwQsxuF",Real Gold,XL,Cingworth  Tunnel,Lime,458.266637822053,USD
476f9762-a364-4e04-a8ea-2ef760db7e69,406,"https://facebook.com/IHuWqiCTumiJEiVe",Calvin Klein,XXXL,Adelaide  Pass,White,795.317873395443,USD
1c47c86a-b990-4d88-ab61-01cdf67fa25d,912,"https://facebook.com/iIRcmlqTeworEDBW",Marchesa,One Size,Bolingbroke  Walk,Dark Red,390.049808873134,USD
e47bd25c-2a4e-405b-89f9-7b23a7d497dc,344,"https://facebook.com/KngfZqhMwDZbPrGp",Karen Kane,One Size,Chicksand  Avenue,Aqua,317.725213003464,USD
fca51d6d-c99b-4cdc-a0d4-871b72ba056b,757,"https://facebook.com/ldUPhmtOfsRtKPJt",Rip Curl,XL,Apollo  Vale,Sky blue,106.70667710306,USD
8a2fb21b-3267-40e2-b36a-f66dc5c3ba58,459,"https://facebook.com/TLqRxvInhbHxWVHq",Hamilton Shirts,XXL,Woodland Alley,Peach,526.002715339667,USD
0ed746d3-2989-4d7f-9cda-c704ac16e686,70,"https://facebook.com/FrkmzlagoCWVPTbb",Lee,,,Green,730.935382616923,USD
7bc257d7-ef17-4b82-8584-bdef8fa5746d,844,"https://facebook.com/EGZwqgaRgUvmnVIL",DKNY,S,Chesterfield  Rue,coral,858.004778913937,USD
478e23a8-13b4-4da8-8838-3cfb3f8a96d8,887,"https://facebook.com/RjfwcdicmlAjzkxT",Marchesa,XL,Angel  Rue,Yellow,796.628195892162,USD
e8ba7b6d-746c-4412-b704-508eaf6b6a9d,730,"https://facebook.com/JrFZffxwJlYrVPPG",Converse,XXL,Blandford  Rue,Emerald,238.158946236916,USD
7ab9c129-493b-4967-ae53-23f5c25c3332,426,"https://facebook.com/frsWmuZTNQpcDPkX",Bujo,One Size,Bacton   Rue,Dark Red,680.689182078568,USD
087d57f5-20f3-4208-9dbe-bb92077d28ef,892,"https://facebook.com/NXoChxCuOfomeKQd",Avirex,M,Howard Route,Rust,359.397710975226,USD
903841d8-57f8-4c19-948c-37dc926dd100,928,"https://facebook.com/OXXGZXMnYTXDmCdV",Cross Colours,S,Anns  Street,Maroon,748.299450978557,USD
da870193-eb95-4505-8578-8bb104d12e8d,46,"https://facebook.com/OgfMRTxlAYjBKaJw",C&A,,,Fuchsia,514.016587918413,USD
8812a1ec-2b98-4aaf-b77f-d61fc48ea1ff,9,"https://facebook.com/xhBQCcttOMQsRPxa",Acorn Stores,,,Carmine,432.037760006994,USD
bad8cdd6-fc00-43f6-ac19-8f55c10dc91e,158,"https://facebook.com/vCNUjteRkwvbcXoN",Koalapop,S,Beaconsfield  Lane,Maroon,368.893797847174,USD
40bf05c9-51e4-47a2-a6fc-aa6454feb36f,478,"https://facebook.com/AHyJxqBBbmdlgmmU",Acorn Stores,XL,Chester  Alley,Rosegold,624.329309392655,USD
57ee02e9-99b6-432b-a172-b7969100f864,560,"https://facebook.com/SQbSgoyysZMAWjlT",Forever Lazy,S,Collins  Hill,Gold,846.394288919831,USD
72cc0657-ec34-4562-810d-b10acb89ce61,463,"https://facebook.com/BcVzKFejfgwocBsb",Columbia Sportswear,XXL,St. Jamess  Walk,Emerald,626.64864009208,USD
e598af00-a52a-41fc-90ec-05fa1164de56,301,"https://facebook.com/jvzKMqHcROSQGSnj",Cross Colours,M,Bazely   Way,Capri,208.888453107056,USD
21077e34-f867-4e30-a22b-a5a55220c1ea,199,"https://facebook.com/vBtQARubrkGTakqx",SABA,One Size,East Boulevard,coral,422.31325330252,USD
3ea91ba2-1ee0-43b4-a003-70e965163eb9,108,"https://facebook.com/YBqeMUYFiRHcyrlP",Real Gold,One Size,Blean   Route,Gold,688.088532838793,USD
d1905a17-74ca-478f-9b2f-e4bf336d746d,697,"https://facebook.com/ZQBilseDnlAzKMCq",Six Deuce,M,Calderwood   Avenue,Salmon,366.541740646619,USD
894b18e1-3f8e-4ff1-9675-579722f0c196,308,"https://facebook.com/YKaBeryaIdMGMwVb",Real Gold,XXS,Longleigh   Boulevard,Olive,576.763251419316,USD
83740eea-be79-4a93-bf92-39477b2c88b7,111,"https://facebook.com/KCcYGgYhYGvArApS",Old Navy,L,Durnford  Vale,Maroon,640.802094012188,USD
dada56c2-0d95-4e56-a698-c6091ae7a7ba,594,"https://facebook.com/MwUuQNyHmEcaTDDy",Columbia Sportswear,One Size,Erindale Lane,Camel,165.266291760279,USD
394e889c-ee83-48f6-935a-771c5b79df17,774,"https://facebook.com/QOfeVxXpQULZSMgL",TNT,XXS,Boadicea   Boulevard,Olive,646.10833590228,USD
1c865e65-cba3-42e8-a610-81d34d58b25b,178,"https://facebook.com/DgMHavnGaAUguTAk",Ecko Unlimited,L,Elf  Pass,Pink,899.924812244463,USD
663cb6a1-ed59-42cc-b9f9-3a0441de8d14,420,"https://facebook.com/kUgsjaPVdxCxHRql",Countess Mara,S,Clarges   Boulevard,Peach,553.617190408123,USD
8c0b6674-8afa-42a4-a248-c326e25e3d99,259,"https://facebook.com/kkZnWjbwBZCVKQvd",Angels Jeanswear,XL,Carpenter Avenue,Salmon,35.4034868133876,USD
79264fe3-b7c1-43d7-8811-916b85503884,528,"https://facebook.com/uxbMophCanjlSTdw",H&M,One Size,Hickory   Street,Sepia,459.194206920324,USD
f242e43e-1805-4c70-90f0-72befbc1a11a,28,"https://facebook.com/DqywCoMCQvEJIgpu",Merc Clothing,,,Dark red,162.467027336358,USD
89469b14-01fd-4553-b1d0-5354de31fdb8,139,"https://facebook.com/tKePWXuuQVeOUQwh",JNCO,L,Cavell   Lane,Blue,329.571779422975,USD
dc5da74e-8653-4a66-8edb-c9f7de995bd4,437,"https://facebook.com/hZMrxapBIsjlRnfC",Ethika,L,Fairfield  Avenue,Mauve,595.438679246683,USD
5904f3d9-3f62-4ade-b6ef-6a42eb04a8d2,857,"https://facebook.com/ZAzBHHugnOWqKCsL",Tommy Hilfinger,XXL,Fawn Pass,Aquamarine,31.4564463356447,USD
b1f134c3-cb1a-486f-8f93-a1ff201a273d,412,"https://facebook.com/PFzxCXhNmqJaiNix",Healthtex,L,Bocking   Avenue,Azure,701.843318935658,USD
a7bdc3ac-a8ad-49c7-a880-efac0114bb94,807,"https://facebook.com/NlVcFJdarCKurNbh",Baby Gap,S,Jackson Drive,Gold,835.867768041043,USD
a7cff7ef-8285-44bc-b629-8e575f9191e2,396,"https://facebook.com/vvFAXqISfoLznnum",Nudie Jeans,XXXL,Comet House  Tunnel,Azure,161.636147563889,USD
137a841c-7cdd-4d3d-a88f-089e4423c790,503,"https://facebook.com/TPHSShdgUmLiiXCI",Nice Collective,S,Monroe Lane,Ultramarine,609.252786949176,USD
ffaf0ce3-0c01-4777-8019-e0952c21cdc8,162,"https://facebook.com/xKWcUrAwCGdMhZAL",TNT,M,East Street,Mauve,695.345062284207,USD
e6f9bad5-b9c1-4713-a998-87b49605cdff,556,"https://facebook.com/WzTHCNtYYucEZLHx",Forever Lazy,XXS,Endsleigh  Route,Cadet blue,192.518051896732,USD
6fbbb3b0-d7a2-4da1-ae84-7f301cc51b23,3,"https://facebook.com/zmnxuzZrsMAyOQPV",Marchesa,,,Lime,109.538083469527,USD
307c029a-b97a-4c54-9827-cc5ea461f1ef,487,"https://facebook.com/hZCTLmpgomBekncd",Baby Gap,XXL,Sundown Way,Lime,189.426568407079,USD
29145e20-cfe4-4c8d-8488-1ca331b2420c,851,"https://facebook.com/diQQcYRJBHpfDJRW",Lilli Ann,XL,Victoria Rise Avenue,Lavender,643.810902358191,USD
7d45a856-285a-4c52-92fe-c4e8695be1e6,554,"https://facebook.com/fgMNYmsaFwdcfJMl",Max Studio,L,Boadicea   Vale,Sky blue,638.920005159662,USD
4403980e-7207-4fbd-8f26-361d4df7f02e,208,"https://facebook.com/CgJSFRkgxOpJoZey",Nudie Jeans,XXS,Ely  Route,Turquoise,468.75006436849,USD
7c322021-7c25-4234-9895-b837a93ce9fe,116,"https://facebook.com/hzSIUvUqpIcrvHGB",Nudie Jeans,XXL,Chestnut Rise Boulevard,Silver,272.363618927958,USD
9f053ec8-a8e8-486c-beec-c2b79baa5536,432,"https://facebook.com/GQtQwopAnLCNKMTw",Lee,XS,Fairholt   Street,Azure,759.827994364015,USD
326b7609-bc43-4b5b-9c04-9c5f93212786,91,"https://facebook.com/lwZrdhWhHOFwGhLX",Koton,,,Pink,127.745188268961,USD
b1756450-85c8-4d55-af9b-1c8ae7d3f89e,685,"https://facebook.com/kpbEGLtUGyhQFVql",Converse,XXXL,King Route,Gray,244.984349909478,USD
ea674b07-6629-41bc-995f-4af37e095612,383,"https://facebook.com/uXMrMyaSmCYHWynJ",Angels Jeanswear,XXS,Blean   Route,Red,344.512568268945,USD
5bca6338-1b04-4781-829b-acb5880ddddc,521,"https://facebook.com/mQZSSyuJfZXDXkOW",TNT,XL,Longmoore   Avenue,Purple,586.787852683718,USD
3f519f8b-21b6-4590-87b3-1fad6da49ec9,705,"https://facebook.com/rsILePAzTClGWcTM",Lilli Ann,XXL,Anns  Boulevard,Emerald,246.950537344665,USD
f82075b3-408c-49ff-8bae-26614f3e5805,565,"https://facebook.com/DTIhBlmKvTkqtRDP",Bujo,XS,Union  Street,Dark Red,280.68062225739,USD
add35440-cb48-4207-bae5-91c20f1f39a3,435,"https://facebook.com/gzAnGpjoYmDliegu",Marchesa,S,Belmore  Hill,Dark Red,637.275197930543,USD
bcd9afb4-284f-4e5b-bc9f-66e3b79342bc,668,"https://facebook.com/LNGxXRKTngZkwvRj",Forever 21,One Size,Castle Alley,Rust,486.806693944305,USD
06790897-7c9a-4f4b-afb4-42beaa342638,260,"https://facebook.com/JJYCKBqbSQZJLHpn",SABA,L,Cheney  Pass,Fuchsia,746.147452511674,USD
ad846b3c-5883-4b8c-8d21-1727d3a98cd1,176,"https://facebook.com/BRphcLrpQIPrctNM",Tommy Hilfinger,XL,Bempton   Rue,Lavender,67.8326657839877,USD
51145782-48fa-4405-8174-92e2eee63882,875,"https://facebook.com/oJamyjKiCtleqzQM",Lilli Ann,XL,Byland  Boulevard,Dark Red,153.563238173767,USD
a52582ad-4a5e-47b5-a807-acc50ef96daa,45,"https://facebook.com/vFJuCawMfyBQeQhv",Levis,,,Cadet blue,446.024258449,USD
545a9fd9-8c0f-4f46-83b7-bc9aec1d998e,781,"https://facebook.com/tSkZrQtlGXgcKvXQ",Cherokee Inc.,XXL,Birkbeck  Lane,Dark red,333.11139257608,USD
092b6bcb-3da2-4c92-ad04-35549b5df728,229,"https://facebook.com/NMwgEkQctHXjGhFb",Old Navy,XXXL,Udall   Street,Barbie Pink,101.163824351362,USD
aa706cbd-b77c-4279-ba27-fe9ff24f10c6,736,"https://facebook.com/iGaUXmHScewtfYKs",Forever 21,XXXL,Cliffords  Way,Gold,52.4811963215522,USD
26606d29-cc4a-42f0-8832-b96d9f59e768,133,"https://facebook.com/ZtYhuGmRDjAzURbH",Guess,L,Church Tunnel,Mauve,503.810372477556,USD
6f24c7a3-250f-47aa-82d5-444fcdabcce2,557,"https://facebook.com/IkEqBcsYYBFDSGtd",C&A,XS,Berriman  Road,Rust,565.6889776975,USD
02439e04-eaea-4e42-b802-6ab8a2ae28b3,942,"https://facebook.com/RkkhSmedVTiIIMGO",TNT,XS,Carlton  Lane,Rust,858.25578635176,USD
388556d4-45bd-4307-9d4d-8740f7781e63,972,"https://facebook.com/wioYOPRQnfMrnByi",Izod,XXXL,Blake  Tunnel,Magenta,68.3406633389511,USD
2b1b499b-93b2-4b92-9a73-a259907d77e0,981,"https://facebook.com/rqUqJMBVDglPcPOV",Countess Mara,L,Fieldstone Route,Salmon,218.261989310287,USD
c0dc4f2f-c7ea-45bd-b240-f9c50a57a8ec,496,"https://facebook.com/yLoXKfwlnRNbLyhW",Lilli Ann,M,Howard Road,Ruby,497.950862935502,USD
caf4acfd-811f-4ef0-a3cd-f898fb1722a6,362,"https://facebook.com/UFKmIAMXkzPsUbPu",Andrew Marc,One Size,Liverpool  Road,Maroon,181.560573751615,USD
edc58d6d-1f2e-4f9f-9c73-2faeebec4b3f,94,"https://facebook.com/GsbGLQJlhXAexJEn",Andrew Marc,,,Red,248.610184590863,USD
